-- phpMyAdmin SQL Dump
-- version 4.7.0
-- https://www.phpmyadmin.net/
--
-- Host: 127.0.0.1
-- Generation Time: Jul 13, 2018 at 11:05 AM
-- Server version: 10.1.25-MariaDB
-- PHP Version: 7.1.7

SET SQL_MODE = "NO_AUTO_VALUE_ON_ZERO";
SET AUTOCOMMIT = 0;
START TRANSACTION;
SET time_zone = "+00:00";


/*!40101 SET @OLD_CHARACTER_SET_CLIENT=@@CHARACTER_SET_CLIENT */;
/*!40101 SET @OLD_CHARACTER_SET_RESULTS=@@CHARACTER_SET_RESULTS */;
/*!40101 SET @OLD_COLLATION_CONNECTION=@@COLLATION_CONNECTION */;
/*!40101 SET NAMES utf8mb4 */;

--
-- Database: `college`
--
CREATE DATABASE IF NOT EXISTS `college` DEFAULT CHARACTER SET latin1 COLLATE latin1_swedish_ci;
USE `college`;

-- --------------------------------------------------------

--
-- Table structure for table `admin`
--

CREATE TABLE `admin` (
  `admin_id` int(11) NOT NULL,
  `admin_uname` varchar(300) NOT NULL,
  `admin_pass` varchar(300) NOT NULL,
  `admin_fname` varchar(400) NOT NULL,
  `admin_dept_id` int(11) NOT NULL
) ENGINE=InnoDB DEFAULT CHARSET=latin1;

--
-- Dumping data for table `admin`
--

INSERT INTO `admin` (`admin_id`, `admin_uname`, `admin_pass`, `admin_fname`, `admin_dept_id`) VALUES
(1, 'admin@ssec', 'ssec@admin', 'Arvind Meniya', 16);

-- --------------------------------------------------------

--
-- Table structure for table `adm_yrs_eq`
--

CREATE TABLE `adm_yrs_eq` (
  `id` int(11) NOT NULL,
  `year` int(11) NOT NULL,
  `status` varchar(200) NOT NULL,
  `dept_id` int(20) NOT NULL
) ENGINE=InnoDB DEFAULT CHARSET=latin1;

--
-- Dumping data for table `adm_yrs_eq`
--

INSERT INTO `adm_yrs_eq` (`id`, `year`, `status`, `dept_id`) VALUES
(1, 2018, 'running', 16);

-- --------------------------------------------------------

--
-- Table structure for table `attendance_of_16`
--

CREATE TABLE `attendance_of_16` (
  `id` bigint(20) NOT NULL,
  `enrolment` bigint(20) NOT NULL,
  `lecture_id` bigint(20) NOT NULL,
  `is_present` tinyint(1) NOT NULL
) ENGINE=InnoDB DEFAULT CHARSET=latin1;

--
-- Dumping data for table `attendance_of_16`
--

INSERT INTO `attendance_of_16` (`id`, `enrolment`, `lecture_id`, `is_present`) VALUES
(1, 150430116001, 1, 1),
(2, 150430116002, 1, 1),
(3, 150430116003, 1, 1),
(4, 150430116004, 1, 1),
(5, 150430116005, 1, 1),
(6, 150430116006, 1, 1),
(7, 150430116007, 1, 1),
(8, 150430116008, 1, 1),
(9, 150430116009, 1, 1),
(10, 150430116010, 1, 1),
(11, 150430116011, 1, 1),
(12, 150430116012, 1, 1),
(13, 150430116013, 1, 1),
(14, 150430116014, 1, 1),
(15, 150430116015, 1, 1),
(16, 150430116016, 1, 1),
(17, 150430116017, 1, 1),
(18, 150430116019, 1, 1),
(19, 150430116020, 1, 1),
(20, 150430116021, 1, 1),
(21, 150430116022, 1, 1),
(22, 150430116023, 1, 1),
(23, 150430116024, 1, 1),
(24, 150430116026, 1, 1),
(25, 150430116027, 1, 1),
(26, 150430116028, 1, 1),
(27, 150430116029, 1, 1),
(28, 150430116030, 1, 1),
(29, 150430116031, 1, 1),
(30, 150430116032, 1, 1),
(31, 150430116033, 1, 1),
(32, 150430116034, 1, 1),
(33, 150430116035, 1, 1),
(34, 150430116036, 1, 1),
(35, 150430116038, 1, 1),
(36, 150430116040, 1, 1),
(37, 150430116042, 1, 1),
(38, 150430116043, 1, 1),
(39, 150430116044, 1, 1),
(40, 150430116045, 1, 1),
(41, 150430116046, 1, 1),
(42, 150430116047, 1, 1),
(43, 150430116048, 1, 1),
(44, 150430116049, 1, 1),
(45, 150430116050, 1, 1),
(46, 150430116051, 1, 1),
(47, 150430116052, 1, 1),
(48, 150430116053, 1, 1),
(49, 150430116054, 1, 1),
(50, 150430116055, 1, 1),
(51, 150430116056, 1, 1),
(52, 150430116057, 1, 1),
(53, 150430116058, 1, 1),
(54, 150430116059, 1, 1),
(55, 150430116060, 1, 1),
(56, 150430116061, 1, 1),
(57, 150430116001, 2, 1),
(58, 150430116002, 2, 1),
(59, 150430116003, 2, 1),
(60, 150430116004, 2, 1),
(61, 150430116005, 2, 1),
(62, 150430116006, 2, 1),
(63, 150430116007, 2, 0),
(64, 150430116008, 2, 0),
(65, 150430116009, 2, 0),
(66, 150430116010, 2, 0),
(67, 150430116011, 2, 0),
(68, 150430116012, 2, 0),
(69, 150430116013, 2, 0),
(70, 150430116014, 2, 0),
(71, 150430116015, 2, 0),
(72, 150430116016, 2, 0),
(73, 150430116017, 2, 0),
(74, 150430116019, 2, 0),
(75, 150430116020, 2, 0),
(76, 150430116021, 2, 0),
(77, 150430116022, 2, 0),
(78, 150430116023, 2, 0),
(79, 150430116024, 2, 0),
(80, 150430116026, 2, 0),
(81, 150430116027, 2, 0),
(82, 150430116028, 2, 0),
(83, 150430116029, 2, 0),
(84, 150430116030, 2, 0),
(85, 150430116031, 2, 0),
(86, 150430116032, 2, 0),
(87, 150430116033, 2, 0),
(88, 150430116034, 2, 0),
(89, 150430116035, 2, 0),
(90, 150430116036, 2, 0),
(91, 150430116038, 2, 0),
(92, 150430116040, 2, 0),
(93, 150430116042, 2, 0),
(94, 150430116043, 2, 0),
(95, 150430116044, 2, 0),
(96, 150430116045, 2, 0),
(97, 150430116046, 2, 0),
(98, 150430116047, 2, 0),
(99, 150430116048, 2, 0),
(100, 150430116049, 2, 0),
(101, 150430116050, 2, 0),
(102, 150430116051, 2, 0),
(103, 150430116052, 2, 0),
(104, 150430116053, 2, 0),
(105, 150430116054, 2, 0),
(106, 150430116055, 2, 0),
(107, 150430116056, 2, 0),
(108, 150430116057, 2, 0),
(109, 150430116058, 2, 0),
(110, 150430116059, 2, 0),
(111, 150430116060, 2, 0),
(112, 150430116061, 2, 0);

-- --------------------------------------------------------

--
-- Table structure for table `attendance_tb`
--

CREATE TABLE `attendance_tb` (
  `id` int(11) NOT NULL,
  `dept_id` int(11) NOT NULL,
  `att_tb_name` varchar(50) NOT NULL,
  `lecture_tb_name` varchar(50) NOT NULL
) ENGINE=InnoDB DEFAULT CHARSET=latin1;

-- --------------------------------------------------------

--
-- Table structure for table `basic_settings`
--

CREATE TABLE `basic_settings` (
  `id` int(11) NOT NULL,
  `setting_key` varchar(200) NOT NULL,
  `setting_value` varchar(200) NOT NULL
) ENGINE=InnoDB DEFAULT CHARSET=latin1;

--
-- Dumping data for table `basic_settings`
--

INSERT INTO `basic_settings` (`id`, `setting_key`, `setting_value`) VALUES
(1, 'criteria', '75');

-- --------------------------------------------------------

--
-- Table structure for table `department`
--

CREATE TABLE `department` (
  `dept_id` int(11) NOT NULL,
  `dept_name` varchar(500) NOT NULL
) ENGINE=InnoDB DEFAULT CHARSET=latin1;

--
-- Dumping data for table `department`
--

INSERT INTO `department` (`dept_id`, `dept_name`) VALUES
(1, 'General Department'),
(16, 'Information Technology');

-- --------------------------------------------------------

--
-- Table structure for table `detain_stud`
--

CREATE TABLE `detain_stud` (
  `detain_id` int(11) NOT NULL,
  `enrolment` bigint(20) NOT NULL
) ENGINE=InnoDB DEFAULT CHARSET=latin1;

--
-- Dumping data for table `detain_stud`
--

INSERT INTO `detain_stud` (`detain_id`, `enrolment`) VALUES
(1, 150430116041);

-- --------------------------------------------------------

--
-- Table structure for table `duplicate_subject_faculty_allocation`
--

CREATE TABLE `duplicate_subject_faculty_allocation` (
  `id` int(11) NOT NULL,
  `batch_year` int(11) NOT NULL,
  `subject_code` int(11) NOT NULL,
  `faculty_id` int(11) NOT NULL,
  `semester` int(11) NOT NULL,
  `dept_id` int(11) NOT NULL,
  `lecture_type` varchar(20) NOT NULL,
  `type` varchar(20) NOT NULL,
  `total_hours` int(11) NOT NULL,
  `expected_total_lecture` int(11) NOT NULL
) ENGINE=InnoDB DEFAULT CHARSET=latin1;

--
-- Dumping data for table `duplicate_subject_faculty_allocation`
--

INSERT INTO `duplicate_subject_faculty_allocation` (`id`, `batch_year`, `subject_code`, `faculty_id`, `semester`, `dept_id`, `lecture_type`, `type`, `total_hours`, `expected_total_lecture`) VALUES
(1, 2018, 2110003, 11, 1, 16, 'theory', 'A', 4, 20);

-- --------------------------------------------------------

--
-- Table structure for table `faculty`
--

CREATE TABLE `faculty` (
  `faculty_id` int(11) NOT NULL,
  `faculty_fname` varchar(500) NOT NULL,
  `faculty_uname` varchar(200) NOT NULL,
  `faculty_pass` varchar(200) NOT NULL,
  `dept_id` int(11) NOT NULL,
  `faculty_email` varchar(300) NOT NULL,
  `faculty_cellno` bigint(10) NOT NULL,
  `faculty_gender` varchar(20) NOT NULL,
  `faculty_designation` varchar(500) NOT NULL
) ENGINE=InnoDB DEFAULT CHARSET=latin1;

--
-- Dumping data for table `faculty`
--

INSERT INTO `faculty` (`faculty_id`, `faculty_fname`, `faculty_uname`, `faculty_pass`, `dept_id`, `faculty_email`, `faculty_cellno`, `faculty_gender`, `faculty_designation`) VALUES
(6, 'Dhwani Parekh', 'dhwani', 'abc', 1, 'dhwani@gmail.com', 1234567891, 'Female', 'Lecturer'),
(7, 'Manoj Mehta', 'manoj', 'abc', 1, 'manoj@gmail.coom', 1234567891, 'Male', 'Lecturer'),
(8, 'K N Patel', 'knpatel', 'abc', 1, 'knpatel@gmail.com', 1231231231, 'Male', 'Lecturer'),
(9, 'Dinesh Katariya', 'dineskatariya', 'abc', 1, 'dineshkatariya@gmail.com', 1231231231, 'Male', 'Lecturer'),
(10, 'Shailesh Vora', 'shailesh', 'abc', 1, 'shailesh@gmail.com', 1231231231, 'Male', 'Lecturer'),
(11, 'Bhavesh Borisaniya', 'bhavesh', 'abc', 16, 'bhaveshborisaniya@gmail.com', 1234567891, 'Male', 'Prof.');

-- --------------------------------------------------------

--
-- Table structure for table `history_student`
--

CREATE TABLE `history_student` (
  `student_enrolment` bigint(20) NOT NULL,
  `student_name` varchar(400) NOT NULL,
  `student_semester` int(11) NOT NULL,
  `student_dept_id` int(11) NOT NULL,
  `student_adm_yr` int(11) NOT NULL,
  `batch_year` int(10) NOT NULL,
  `student_division` varchar(5) DEFAULT NULL,
  `student_batch` varchar(5) DEFAULT NULL,
  `student_email` varchar(500) DEFAULT NULL,
  `student_cellno` bigint(10) DEFAULT NULL,
  `student_password` varchar(100) NOT NULL
) ENGINE=InnoDB DEFAULT CHARSET=latin1;

-- --------------------------------------------------------

--
-- Table structure for table `lecture_tb_16`
--

CREATE TABLE `lecture_tb_16` (
  `lecture_id` bigint(20) NOT NULL,
  `date` date NOT NULL,
  `faculty_id` int(11) NOT NULL,
  `subject_code` int(11) NOT NULL,
  `type` varchar(200) NOT NULL,
  `division` varchar(20) NOT NULL
) ENGINE=InnoDB DEFAULT CHARSET=latin1;

--
-- Dumping data for table `lecture_tb_16`
--

INSERT INTO `lecture_tb_16` (`lecture_id`, `date`, `faculty_id`, `subject_code`, `type`, `division`) VALUES
(1, '2018-07-12', 11, 2110003, 'theory', 'A'),
(2, '2018-07-13', 11, 2110003, 'theory', 'A');

-- --------------------------------------------------------

--
-- Table structure for table `sem1_16`
--

CREATE TABLE `sem1_16` (
  `enrolment` bigint(20) NOT NULL,
  `year` int(11) DEFAULT NULL,
  `2110002_m` int(10) DEFAULT NULL,
  `2110002_v` int(10) DEFAULT NULL,
  `2110003_m` int(10) DEFAULT NULL,
  `2110003_v` int(10) DEFAULT NULL,
  `2110005_m` int(10) DEFAULT NULL,
  `2110005_v` int(10) DEFAULT NULL,
  `2110007_m` int(10) DEFAULT NULL,
  `2110007_v` int(10) DEFAULT NULL,
  `2110013_m` int(10) DEFAULT NULL,
  `2110013_v` int(10) DEFAULT NULL,
  `2110014_m` int(10) DEFAULT NULL,
  `2110014_v` int(10) DEFAULT NULL
) ENGINE=InnoDB DEFAULT CHARSET=latin1;

--
-- Dumping data for table `sem1_16`
--

INSERT INTO `sem1_16` (`enrolment`, `year`, `2110002_m`, `2110002_v`, `2110003_m`, `2110003_v`, `2110005_m`, `2110005_v`, `2110007_m`, `2110007_v`, `2110013_m`, `2110013_v`, `2110014_m`, `2110014_v`) VALUES
(150430116001, NULL, NULL, NULL, NULL, NULL, NULL, NULL, NULL, NULL, NULL, NULL, NULL, NULL),
(150430116002, NULL, NULL, NULL, NULL, NULL, NULL, NULL, NULL, NULL, NULL, NULL, NULL, NULL),
(150430116003, NULL, NULL, NULL, NULL, NULL, NULL, NULL, NULL, NULL, NULL, NULL, NULL, NULL),
(150430116004, NULL, NULL, NULL, NULL, NULL, NULL, NULL, NULL, NULL, NULL, NULL, NULL, NULL),
(150430116005, NULL, NULL, NULL, NULL, NULL, NULL, NULL, NULL, NULL, NULL, NULL, NULL, NULL),
(150430116006, NULL, NULL, NULL, NULL, NULL, NULL, NULL, NULL, NULL, NULL, NULL, NULL, NULL),
(150430116007, NULL, NULL, NULL, NULL, NULL, NULL, NULL, NULL, NULL, NULL, NULL, NULL, NULL),
(150430116008, NULL, NULL, NULL, NULL, NULL, NULL, NULL, NULL, NULL, NULL, NULL, NULL, NULL),
(150430116009, NULL, NULL, NULL, NULL, NULL, NULL, NULL, NULL, NULL, NULL, NULL, NULL, NULL),
(150430116010, NULL, NULL, NULL, NULL, NULL, NULL, NULL, NULL, NULL, NULL, NULL, NULL, NULL),
(150430116011, NULL, NULL, NULL, NULL, NULL, NULL, NULL, NULL, NULL, NULL, NULL, NULL, NULL),
(150430116012, NULL, NULL, NULL, NULL, NULL, NULL, NULL, NULL, NULL, NULL, NULL, NULL, NULL),
(150430116013, NULL, NULL, NULL, NULL, NULL, NULL, NULL, NULL, NULL, NULL, NULL, NULL, NULL),
(150430116014, NULL, NULL, NULL, NULL, NULL, NULL, NULL, NULL, NULL, NULL, NULL, NULL, NULL),
(150430116015, NULL, NULL, NULL, NULL, NULL, NULL, NULL, NULL, NULL, NULL, NULL, NULL, NULL),
(150430116016, NULL, NULL, NULL, NULL, NULL, NULL, NULL, NULL, NULL, NULL, NULL, NULL, NULL),
(150430116017, NULL, NULL, NULL, NULL, NULL, NULL, NULL, NULL, NULL, NULL, NULL, NULL, NULL),
(150430116019, NULL, NULL, NULL, NULL, NULL, NULL, NULL, NULL, NULL, NULL, NULL, NULL, NULL),
(150430116020, NULL, NULL, NULL, NULL, NULL, NULL, NULL, NULL, NULL, NULL, NULL, NULL, NULL),
(150430116021, NULL, NULL, NULL, NULL, NULL, NULL, NULL, NULL, NULL, NULL, NULL, NULL, NULL),
(150430116022, NULL, NULL, NULL, NULL, NULL, NULL, NULL, NULL, NULL, NULL, NULL, NULL, NULL),
(150430116023, NULL, NULL, NULL, NULL, NULL, NULL, NULL, NULL, NULL, NULL, NULL, NULL, NULL),
(150430116024, NULL, NULL, NULL, NULL, NULL, NULL, NULL, NULL, NULL, NULL, NULL, NULL, NULL),
(150430116026, NULL, NULL, NULL, NULL, NULL, NULL, NULL, NULL, NULL, NULL, NULL, NULL, NULL),
(150430116027, NULL, NULL, NULL, NULL, NULL, NULL, NULL, NULL, NULL, NULL, NULL, NULL, NULL),
(150430116028, NULL, NULL, NULL, NULL, NULL, NULL, NULL, NULL, NULL, NULL, NULL, NULL, NULL),
(150430116029, NULL, NULL, NULL, NULL, NULL, NULL, NULL, NULL, NULL, NULL, NULL, NULL, NULL),
(150430116030, NULL, NULL, NULL, NULL, NULL, NULL, NULL, NULL, NULL, NULL, NULL, NULL, NULL),
(150430116031, NULL, NULL, NULL, NULL, NULL, NULL, NULL, NULL, NULL, NULL, NULL, NULL, NULL),
(150430116032, NULL, NULL, NULL, NULL, NULL, NULL, NULL, NULL, NULL, NULL, NULL, NULL, NULL),
(150430116033, NULL, NULL, NULL, NULL, NULL, NULL, NULL, NULL, NULL, NULL, NULL, NULL, NULL),
(150430116034, NULL, NULL, NULL, NULL, NULL, NULL, NULL, NULL, NULL, NULL, NULL, NULL, NULL),
(150430116035, NULL, NULL, NULL, NULL, NULL, NULL, NULL, NULL, NULL, NULL, NULL, NULL, NULL),
(150430116036, NULL, NULL, NULL, NULL, NULL, NULL, NULL, NULL, NULL, NULL, NULL, NULL, NULL),
(150430116038, NULL, NULL, NULL, NULL, NULL, NULL, NULL, NULL, NULL, NULL, NULL, NULL, NULL),
(150430116040, NULL, NULL, NULL, NULL, NULL, NULL, NULL, NULL, NULL, NULL, NULL, NULL, NULL),
(150430116041, NULL, NULL, NULL, NULL, NULL, NULL, NULL, NULL, NULL, NULL, NULL, NULL, NULL),
(150430116042, NULL, NULL, NULL, NULL, NULL, NULL, NULL, NULL, NULL, NULL, NULL, NULL, NULL),
(150430116043, NULL, NULL, NULL, NULL, NULL, NULL, NULL, NULL, NULL, NULL, NULL, NULL, NULL),
(150430116044, NULL, NULL, NULL, NULL, NULL, NULL, NULL, NULL, NULL, NULL, NULL, NULL, NULL),
(150430116045, NULL, NULL, NULL, NULL, NULL, NULL, NULL, NULL, NULL, NULL, NULL, NULL, NULL),
(150430116046, NULL, NULL, NULL, NULL, NULL, NULL, NULL, NULL, NULL, NULL, NULL, NULL, NULL),
(150430116047, NULL, NULL, NULL, NULL, NULL, NULL, NULL, NULL, NULL, NULL, NULL, NULL, NULL),
(150430116048, NULL, NULL, NULL, NULL, NULL, NULL, NULL, NULL, NULL, NULL, NULL, NULL, NULL),
(150430116049, NULL, NULL, NULL, NULL, NULL, NULL, NULL, NULL, NULL, NULL, NULL, NULL, NULL),
(150430116050, NULL, NULL, NULL, NULL, NULL, NULL, NULL, NULL, NULL, NULL, NULL, NULL, NULL),
(150430116051, NULL, NULL, NULL, NULL, NULL, NULL, NULL, NULL, NULL, NULL, NULL, NULL, NULL),
(150430116052, NULL, NULL, NULL, NULL, NULL, NULL, NULL, NULL, NULL, NULL, NULL, NULL, NULL),
(150430116053, NULL, NULL, NULL, NULL, NULL, NULL, NULL, NULL, NULL, NULL, NULL, NULL, NULL),
(150430116054, NULL, NULL, NULL, NULL, NULL, NULL, NULL, NULL, NULL, NULL, NULL, NULL, NULL),
(150430116055, NULL, NULL, NULL, NULL, NULL, NULL, NULL, NULL, NULL, NULL, NULL, NULL, NULL),
(150430116056, NULL, NULL, NULL, NULL, NULL, NULL, NULL, NULL, NULL, NULL, NULL, NULL, NULL),
(150430116057, NULL, NULL, NULL, NULL, NULL, NULL, NULL, NULL, NULL, NULL, NULL, NULL, NULL),
(150430116058, NULL, NULL, NULL, NULL, NULL, NULL, NULL, NULL, NULL, NULL, NULL, NULL, NULL),
(150430116059, NULL, NULL, NULL, NULL, NULL, NULL, NULL, NULL, NULL, NULL, NULL, NULL, NULL),
(150430116060, NULL, NULL, NULL, NULL, NULL, NULL, NULL, NULL, NULL, NULL, NULL, NULL, NULL),
(150430116061, NULL, NULL, NULL, NULL, NULL, NULL, NULL, NULL, NULL, NULL, NULL, NULL, NULL),
(150430116062, NULL, NULL, NULL, NULL, NULL, NULL, NULL, NULL, NULL, NULL, NULL, NULL, NULL),
(150430116063, NULL, NULL, NULL, NULL, NULL, NULL, NULL, NULL, NULL, NULL, NULL, NULL, NULL),
(150430116064, NULL, NULL, NULL, NULL, NULL, NULL, NULL, NULL, NULL, NULL, NULL, NULL, NULL),
(150430116065, NULL, NULL, NULL, NULL, NULL, NULL, NULL, NULL, NULL, NULL, NULL, NULL, NULL),
(150430116066, NULL, NULL, NULL, NULL, NULL, NULL, NULL, NULL, NULL, NULL, NULL, NULL, NULL),
(150430116068, NULL, NULL, NULL, NULL, NULL, NULL, NULL, NULL, NULL, NULL, NULL, NULL, NULL),
(150430116069, NULL, NULL, NULL, NULL, NULL, NULL, NULL, NULL, NULL, NULL, NULL, NULL, NULL),
(150430116070, NULL, NULL, NULL, NULL, NULL, NULL, NULL, NULL, NULL, NULL, NULL, NULL, NULL),
(150430116071, NULL, NULL, NULL, NULL, NULL, NULL, NULL, NULL, NULL, NULL, NULL, NULL, NULL),
(150430116073, NULL, NULL, NULL, NULL, NULL, NULL, NULL, NULL, NULL, NULL, NULL, NULL, NULL),
(150430116074, NULL, NULL, NULL, NULL, NULL, NULL, NULL, NULL, NULL, NULL, NULL, NULL, NULL),
(150430116075, NULL, NULL, NULL, NULL, NULL, NULL, NULL, NULL, NULL, NULL, NULL, NULL, NULL),
(150430116076, NULL, NULL, NULL, NULL, NULL, NULL, NULL, NULL, NULL, NULL, NULL, NULL, NULL),
(150430116077, NULL, NULL, NULL, NULL, NULL, NULL, NULL, NULL, NULL, NULL, NULL, NULL, NULL),
(150430116078, NULL, NULL, NULL, NULL, NULL, NULL, NULL, NULL, NULL, NULL, NULL, NULL, NULL),
(150430116079, NULL, NULL, NULL, NULL, NULL, NULL, NULL, NULL, NULL, NULL, NULL, NULL, NULL),
(150430116080, NULL, NULL, NULL, NULL, NULL, NULL, NULL, NULL, NULL, NULL, NULL, NULL, NULL),
(150430116081, NULL, NULL, NULL, NULL, NULL, NULL, NULL, NULL, NULL, NULL, NULL, NULL, NULL),
(150430116082, NULL, NULL, NULL, NULL, NULL, NULL, NULL, NULL, NULL, NULL, NULL, NULL, NULL),
(150430116083, NULL, NULL, NULL, NULL, NULL, NULL, NULL, NULL, NULL, NULL, NULL, NULL, NULL),
(150430116084, NULL, NULL, NULL, NULL, NULL, NULL, NULL, NULL, NULL, NULL, NULL, NULL, NULL),
(150430116085, NULL, NULL, NULL, NULL, NULL, NULL, NULL, NULL, NULL, NULL, NULL, NULL, NULL),
(150430116086, NULL, NULL, NULL, NULL, NULL, NULL, NULL, NULL, NULL, NULL, NULL, NULL, NULL),
(150430116087, NULL, NULL, NULL, NULL, NULL, NULL, NULL, NULL, NULL, NULL, NULL, NULL, NULL),
(150430116088, NULL, NULL, NULL, NULL, NULL, NULL, NULL, NULL, NULL, NULL, NULL, NULL, NULL),
(150430116089, NULL, NULL, NULL, NULL, NULL, NULL, NULL, NULL, NULL, NULL, NULL, NULL, NULL),
(150430116090, NULL, NULL, NULL, NULL, NULL, NULL, NULL, NULL, NULL, NULL, NULL, NULL, NULL),
(150430116093, NULL, NULL, NULL, NULL, NULL, NULL, NULL, NULL, NULL, NULL, NULL, NULL, NULL),
(150430116094, NULL, NULL, NULL, NULL, NULL, NULL, NULL, NULL, NULL, NULL, NULL, NULL, NULL),
(150430116095, NULL, NULL, NULL, NULL, NULL, NULL, NULL, NULL, NULL, NULL, NULL, NULL, NULL),
(150430116096, NULL, NULL, NULL, NULL, NULL, NULL, NULL, NULL, NULL, NULL, NULL, NULL, NULL),
(150430116097, NULL, NULL, NULL, NULL, NULL, NULL, NULL, NULL, NULL, NULL, NULL, NULL, NULL),
(150430116098, NULL, NULL, NULL, NULL, NULL, NULL, NULL, NULL, NULL, NULL, NULL, NULL, NULL),
(150430116099, NULL, NULL, NULL, NULL, NULL, NULL, NULL, NULL, NULL, NULL, NULL, NULL, NULL),
(150430116100, NULL, NULL, NULL, NULL, NULL, NULL, NULL, NULL, NULL, NULL, NULL, NULL, NULL),
(150430116101, NULL, NULL, NULL, NULL, NULL, NULL, NULL, NULL, NULL, NULL, NULL, NULL, NULL),
(150430116103, NULL, NULL, NULL, NULL, NULL, NULL, NULL, NULL, NULL, NULL, NULL, NULL, NULL),
(150430116104, NULL, NULL, NULL, NULL, NULL, NULL, NULL, NULL, NULL, NULL, NULL, NULL, NULL),
(150430116106, NULL, NULL, NULL, NULL, NULL, NULL, NULL, NULL, NULL, NULL, NULL, NULL, NULL),
(150430116107, NULL, NULL, NULL, NULL, NULL, NULL, NULL, NULL, NULL, NULL, NULL, NULL, NULL),
(150430116108, NULL, NULL, NULL, NULL, NULL, NULL, NULL, NULL, NULL, NULL, NULL, NULL, NULL),
(150430116109, NULL, NULL, NULL, NULL, NULL, NULL, NULL, NULL, NULL, NULL, NULL, NULL, NULL),
(150430116110, NULL, NULL, NULL, NULL, NULL, NULL, NULL, NULL, NULL, NULL, NULL, NULL, NULL),
(150430116111, NULL, NULL, NULL, NULL, NULL, NULL, NULL, NULL, NULL, NULL, NULL, NULL, NULL),
(150430116113, NULL, NULL, NULL, NULL, NULL, NULL, NULL, NULL, NULL, NULL, NULL, NULL, NULL),
(150430116115, NULL, NULL, NULL, NULL, NULL, NULL, NULL, NULL, NULL, NULL, NULL, NULL, NULL),
(150430116116, NULL, NULL, NULL, NULL, NULL, NULL, NULL, NULL, NULL, NULL, NULL, NULL, NULL),
(150430116117, NULL, NULL, NULL, NULL, NULL, NULL, NULL, NULL, NULL, NULL, NULL, NULL, NULL),
(150430116118, NULL, NULL, NULL, NULL, NULL, NULL, NULL, NULL, NULL, NULL, NULL, NULL, NULL),
(150430116119, NULL, NULL, NULL, NULL, NULL, NULL, NULL, NULL, NULL, NULL, NULL, NULL, NULL),
(150430116120, NULL, NULL, NULL, NULL, NULL, NULL, NULL, NULL, NULL, NULL, NULL, NULL, NULL),
(150430116121, NULL, NULL, NULL, NULL, NULL, NULL, NULL, NULL, NULL, NULL, NULL, NULL, NULL),
(150430116122, NULL, NULL, NULL, NULL, NULL, NULL, NULL, NULL, NULL, NULL, NULL, NULL, NULL),
(150430116123, NULL, NULL, NULL, NULL, NULL, NULL, NULL, NULL, NULL, NULL, NULL, NULL, NULL),
(150430116124, NULL, NULL, NULL, NULL, NULL, NULL, NULL, NULL, NULL, NULL, NULL, NULL, NULL),
(150430116125, NULL, NULL, NULL, NULL, NULL, NULL, NULL, NULL, NULL, NULL, NULL, NULL, NULL),
(150430116126, NULL, NULL, NULL, NULL, NULL, NULL, NULL, NULL, NULL, NULL, NULL, NULL, NULL);

-- --------------------------------------------------------

--
-- Table structure for table `sem1_16_r`
--

CREATE TABLE `sem1_16_r` (
  `enrolment` bigint(20) NOT NULL,
  `year` int(11) DEFAULT NULL,
  `2110002_r` int(10) DEFAULT NULL,
  `2110003_r` int(10) DEFAULT NULL,
  `2110005_r` int(10) DEFAULT NULL,
  `2110007_r` int(10) DEFAULT NULL,
  `2110013_r` int(10) DEFAULT NULL,
  `2110014_r` int(10) DEFAULT NULL
) ENGINE=InnoDB DEFAULT CHARSET=latin1;

--
-- Dumping data for table `sem1_16_r`
--

INSERT INTO `sem1_16_r` (`enrolment`, `year`, `2110002_r`, `2110003_r`, `2110005_r`, `2110007_r`, `2110013_r`, `2110014_r`) VALUES
(150430116001, NULL, NULL, NULL, NULL, NULL, NULL, NULL),
(150430116002, NULL, NULL, NULL, NULL, NULL, NULL, NULL),
(150430116003, NULL, NULL, NULL, NULL, NULL, NULL, NULL),
(150430116004, NULL, NULL, NULL, NULL, NULL, NULL, NULL),
(150430116005, NULL, NULL, NULL, NULL, NULL, NULL, NULL),
(150430116006, NULL, NULL, NULL, NULL, NULL, NULL, NULL),
(150430116007, NULL, NULL, NULL, NULL, NULL, NULL, NULL),
(150430116008, NULL, NULL, NULL, NULL, NULL, NULL, NULL),
(150430116009, NULL, NULL, NULL, NULL, NULL, NULL, NULL),
(150430116010, NULL, NULL, NULL, NULL, NULL, NULL, NULL),
(150430116011, NULL, NULL, NULL, NULL, NULL, NULL, NULL),
(150430116012, NULL, NULL, NULL, NULL, NULL, NULL, NULL),
(150430116013, NULL, NULL, NULL, NULL, NULL, NULL, NULL),
(150430116014, NULL, NULL, NULL, NULL, NULL, NULL, NULL),
(150430116015, NULL, NULL, NULL, NULL, NULL, NULL, NULL),
(150430116016, NULL, NULL, NULL, NULL, NULL, NULL, NULL),
(150430116017, NULL, NULL, NULL, NULL, NULL, NULL, NULL),
(150430116019, NULL, NULL, NULL, NULL, NULL, NULL, NULL),
(150430116020, NULL, NULL, NULL, NULL, NULL, NULL, NULL),
(150430116021, NULL, NULL, NULL, NULL, NULL, NULL, NULL),
(150430116022, NULL, NULL, NULL, NULL, NULL, NULL, NULL),
(150430116023, NULL, NULL, NULL, NULL, NULL, NULL, NULL),
(150430116024, NULL, NULL, NULL, NULL, NULL, NULL, NULL),
(150430116026, NULL, NULL, NULL, NULL, NULL, NULL, NULL),
(150430116027, NULL, NULL, NULL, NULL, NULL, NULL, NULL),
(150430116028, NULL, NULL, NULL, NULL, NULL, NULL, NULL),
(150430116029, NULL, NULL, NULL, NULL, NULL, NULL, NULL),
(150430116030, NULL, NULL, NULL, NULL, NULL, NULL, NULL),
(150430116031, NULL, NULL, NULL, NULL, NULL, NULL, NULL),
(150430116032, NULL, NULL, NULL, NULL, NULL, NULL, NULL),
(150430116033, NULL, NULL, NULL, NULL, NULL, NULL, NULL),
(150430116034, NULL, NULL, NULL, NULL, NULL, NULL, NULL),
(150430116035, NULL, NULL, NULL, NULL, NULL, NULL, NULL),
(150430116036, NULL, NULL, NULL, NULL, NULL, NULL, NULL),
(150430116038, NULL, NULL, NULL, NULL, NULL, NULL, NULL),
(150430116040, NULL, NULL, NULL, NULL, NULL, NULL, NULL),
(150430116041, NULL, NULL, NULL, NULL, NULL, NULL, NULL),
(150430116042, NULL, NULL, NULL, NULL, NULL, NULL, NULL),
(150430116043, NULL, NULL, NULL, NULL, NULL, NULL, NULL),
(150430116044, NULL, NULL, NULL, NULL, NULL, NULL, NULL),
(150430116045, NULL, NULL, NULL, NULL, NULL, NULL, NULL),
(150430116046, NULL, NULL, NULL, NULL, NULL, NULL, NULL),
(150430116047, NULL, NULL, NULL, NULL, NULL, NULL, NULL),
(150430116048, NULL, NULL, NULL, NULL, NULL, NULL, NULL),
(150430116049, NULL, NULL, NULL, NULL, NULL, NULL, NULL),
(150430116050, NULL, NULL, NULL, NULL, NULL, NULL, NULL),
(150430116051, NULL, NULL, NULL, NULL, NULL, NULL, NULL),
(150430116052, NULL, NULL, NULL, NULL, NULL, NULL, NULL),
(150430116053, NULL, NULL, NULL, NULL, NULL, NULL, NULL),
(150430116054, NULL, NULL, NULL, NULL, NULL, NULL, NULL),
(150430116055, NULL, NULL, NULL, NULL, NULL, NULL, NULL),
(150430116056, NULL, NULL, NULL, NULL, NULL, NULL, NULL),
(150430116057, NULL, NULL, NULL, NULL, NULL, NULL, NULL),
(150430116058, NULL, NULL, NULL, NULL, NULL, NULL, NULL),
(150430116059, NULL, NULL, NULL, NULL, NULL, NULL, NULL),
(150430116060, NULL, NULL, NULL, NULL, NULL, NULL, NULL),
(150430116061, NULL, NULL, NULL, NULL, NULL, NULL, NULL),
(150430116062, NULL, NULL, NULL, NULL, NULL, NULL, NULL),
(150430116063, NULL, NULL, NULL, NULL, NULL, NULL, NULL),
(150430116064, NULL, NULL, NULL, NULL, NULL, NULL, NULL),
(150430116065, NULL, NULL, NULL, NULL, NULL, NULL, NULL),
(150430116066, NULL, NULL, NULL, NULL, NULL, NULL, NULL),
(150430116068, NULL, NULL, NULL, NULL, NULL, NULL, NULL),
(150430116069, NULL, NULL, NULL, NULL, NULL, NULL, NULL),
(150430116070, NULL, NULL, NULL, NULL, NULL, NULL, NULL),
(150430116071, NULL, NULL, NULL, NULL, NULL, NULL, NULL),
(150430116073, NULL, NULL, NULL, NULL, NULL, NULL, NULL),
(150430116074, NULL, NULL, NULL, NULL, NULL, NULL, NULL),
(150430116075, NULL, NULL, NULL, NULL, NULL, NULL, NULL),
(150430116076, NULL, NULL, NULL, NULL, NULL, NULL, NULL),
(150430116077, NULL, NULL, NULL, NULL, NULL, NULL, NULL),
(150430116078, NULL, NULL, NULL, NULL, NULL, NULL, NULL),
(150430116079, NULL, NULL, NULL, NULL, NULL, NULL, NULL),
(150430116080, NULL, NULL, NULL, NULL, NULL, NULL, NULL),
(150430116081, NULL, NULL, NULL, NULL, NULL, NULL, NULL),
(150430116082, NULL, NULL, NULL, NULL, NULL, NULL, NULL),
(150430116083, NULL, NULL, NULL, NULL, NULL, NULL, NULL),
(150430116084, NULL, NULL, NULL, NULL, NULL, NULL, NULL),
(150430116085, NULL, NULL, NULL, NULL, NULL, NULL, NULL),
(150430116086, NULL, NULL, NULL, NULL, NULL, NULL, NULL),
(150430116087, NULL, NULL, NULL, NULL, NULL, NULL, NULL),
(150430116088, NULL, NULL, NULL, NULL, NULL, NULL, NULL),
(150430116089, NULL, NULL, NULL, NULL, NULL, NULL, NULL),
(150430116090, NULL, NULL, NULL, NULL, NULL, NULL, NULL),
(150430116093, NULL, NULL, NULL, NULL, NULL, NULL, NULL),
(150430116094, NULL, NULL, NULL, NULL, NULL, NULL, NULL),
(150430116095, NULL, NULL, NULL, NULL, NULL, NULL, NULL),
(150430116096, NULL, NULL, NULL, NULL, NULL, NULL, NULL),
(150430116097, NULL, NULL, NULL, NULL, NULL, NULL, NULL),
(150430116098, NULL, NULL, NULL, NULL, NULL, NULL, NULL),
(150430116099, NULL, NULL, NULL, NULL, NULL, NULL, NULL),
(150430116100, NULL, NULL, NULL, NULL, NULL, NULL, NULL),
(150430116101, NULL, NULL, NULL, NULL, NULL, NULL, NULL),
(150430116103, NULL, NULL, NULL, NULL, NULL, NULL, NULL),
(150430116104, NULL, NULL, NULL, NULL, NULL, NULL, NULL),
(150430116106, NULL, NULL, NULL, NULL, NULL, NULL, NULL),
(150430116107, NULL, NULL, NULL, NULL, NULL, NULL, NULL),
(150430116108, NULL, NULL, NULL, NULL, NULL, NULL, NULL),
(150430116109, NULL, NULL, NULL, NULL, NULL, NULL, NULL),
(150430116110, NULL, NULL, NULL, NULL, NULL, NULL, NULL),
(150430116111, NULL, NULL, NULL, NULL, NULL, NULL, NULL),
(150430116113, NULL, NULL, NULL, NULL, NULL, NULL, NULL),
(150430116115, NULL, NULL, NULL, NULL, NULL, NULL, NULL),
(150430116116, NULL, NULL, NULL, NULL, NULL, NULL, NULL),
(150430116117, NULL, NULL, NULL, NULL, NULL, NULL, NULL),
(150430116118, NULL, NULL, NULL, NULL, NULL, NULL, NULL),
(150430116119, NULL, NULL, NULL, NULL, NULL, NULL, NULL),
(150430116120, NULL, NULL, NULL, NULL, NULL, NULL, NULL),
(150430116121, NULL, NULL, NULL, NULL, NULL, NULL, NULL),
(150430116122, NULL, NULL, NULL, NULL, NULL, NULL, NULL),
(150430116123, NULL, NULL, NULL, NULL, NULL, NULL, NULL),
(150430116124, NULL, NULL, NULL, NULL, NULL, NULL, NULL),
(150430116125, NULL, NULL, NULL, NULL, NULL, NULL, NULL),
(150430116126, NULL, NULL, NULL, NULL, NULL, NULL, NULL);

-- --------------------------------------------------------

--
-- Table structure for table `sem2_16`
--

CREATE TABLE `sem2_16` (
  `enrolment` bigint(20) NOT NULL,
  `year` int(11) DEFAULT NULL,
  `2110015_m` int(10) DEFAULT NULL,
  `2110015_v` int(10) DEFAULT NULL,
  `2110016_m` int(10) DEFAULT NULL,
  `2110016_v` int(10) DEFAULT NULL,
  `2110017_v` int(10) DEFAULT NULL,
  `2990001_m` int(10) DEFAULT NULL,
  `2990001_v` int(10) DEFAULT NULL,
  `2110011_m` int(10) DEFAULT NULL,
  `2110011_v` int(10) DEFAULT NULL,
  `2110006_m` int(10) DEFAULT NULL,
  `2110006_v` int(10) DEFAULT NULL
) ENGINE=InnoDB DEFAULT CHARSET=latin1;

--
-- Dumping data for table `sem2_16`
--

INSERT INTO `sem2_16` (`enrolment`, `year`, `2110015_m`, `2110015_v`, `2110016_m`, `2110016_v`, `2110017_v`, `2990001_m`, `2990001_v`, `2110011_m`, `2110011_v`, `2110006_m`, `2110006_v`) VALUES
(150430116001, NULL, NULL, NULL, NULL, NULL, NULL, NULL, NULL, NULL, NULL, NULL, NULL),
(150430116002, NULL, NULL, NULL, NULL, NULL, NULL, NULL, NULL, NULL, NULL, NULL, NULL),
(150430116003, NULL, NULL, NULL, NULL, NULL, NULL, NULL, NULL, NULL, NULL, NULL, NULL),
(150430116004, NULL, NULL, NULL, NULL, NULL, NULL, NULL, NULL, NULL, NULL, NULL, NULL),
(150430116005, NULL, NULL, NULL, NULL, NULL, NULL, NULL, NULL, NULL, NULL, NULL, NULL),
(150430116006, NULL, NULL, NULL, NULL, NULL, NULL, NULL, NULL, NULL, NULL, NULL, NULL),
(150430116007, NULL, NULL, NULL, NULL, NULL, NULL, NULL, NULL, NULL, NULL, NULL, NULL),
(150430116008, NULL, NULL, NULL, NULL, NULL, NULL, NULL, NULL, NULL, NULL, NULL, NULL),
(150430116009, NULL, NULL, NULL, NULL, NULL, NULL, NULL, NULL, NULL, NULL, NULL, NULL),
(150430116010, NULL, NULL, NULL, NULL, NULL, NULL, NULL, NULL, NULL, NULL, NULL, NULL),
(150430116011, NULL, NULL, NULL, NULL, NULL, NULL, NULL, NULL, NULL, NULL, NULL, NULL),
(150430116012, NULL, NULL, NULL, NULL, NULL, NULL, NULL, NULL, NULL, NULL, NULL, NULL),
(150430116013, NULL, NULL, NULL, NULL, NULL, NULL, NULL, NULL, NULL, NULL, NULL, NULL),
(150430116014, NULL, NULL, NULL, NULL, NULL, NULL, NULL, NULL, NULL, NULL, NULL, NULL),
(150430116015, NULL, NULL, NULL, NULL, NULL, NULL, NULL, NULL, NULL, NULL, NULL, NULL),
(150430116016, NULL, NULL, NULL, NULL, NULL, NULL, NULL, NULL, NULL, NULL, NULL, NULL),
(150430116017, NULL, NULL, NULL, NULL, NULL, NULL, NULL, NULL, NULL, NULL, NULL, NULL),
(150430116019, NULL, NULL, NULL, NULL, NULL, NULL, NULL, NULL, NULL, NULL, NULL, NULL),
(150430116020, NULL, NULL, NULL, NULL, NULL, NULL, NULL, NULL, NULL, NULL, NULL, NULL),
(150430116021, NULL, NULL, NULL, NULL, NULL, NULL, NULL, NULL, NULL, NULL, NULL, NULL),
(150430116022, NULL, NULL, NULL, NULL, NULL, NULL, NULL, NULL, NULL, NULL, NULL, NULL),
(150430116023, NULL, NULL, NULL, NULL, NULL, NULL, NULL, NULL, NULL, NULL, NULL, NULL),
(150430116024, NULL, NULL, NULL, NULL, NULL, NULL, NULL, NULL, NULL, NULL, NULL, NULL),
(150430116026, NULL, NULL, NULL, NULL, NULL, NULL, NULL, NULL, NULL, NULL, NULL, NULL),
(150430116027, NULL, NULL, NULL, NULL, NULL, NULL, NULL, NULL, NULL, NULL, NULL, NULL),
(150430116028, NULL, NULL, NULL, NULL, NULL, NULL, NULL, NULL, NULL, NULL, NULL, NULL),
(150430116029, NULL, NULL, NULL, NULL, NULL, NULL, NULL, NULL, NULL, NULL, NULL, NULL),
(150430116030, NULL, NULL, NULL, NULL, NULL, NULL, NULL, NULL, NULL, NULL, NULL, NULL),
(150430116031, NULL, NULL, NULL, NULL, NULL, NULL, NULL, NULL, NULL, NULL, NULL, NULL),
(150430116032, NULL, NULL, NULL, NULL, NULL, NULL, NULL, NULL, NULL, NULL, NULL, NULL),
(150430116033, NULL, NULL, NULL, NULL, NULL, NULL, NULL, NULL, NULL, NULL, NULL, NULL),
(150430116034, NULL, NULL, NULL, NULL, NULL, NULL, NULL, NULL, NULL, NULL, NULL, NULL),
(150430116035, NULL, NULL, NULL, NULL, NULL, NULL, NULL, NULL, NULL, NULL, NULL, NULL),
(150430116036, NULL, NULL, NULL, NULL, NULL, NULL, NULL, NULL, NULL, NULL, NULL, NULL),
(150430116038, NULL, NULL, NULL, NULL, NULL, NULL, NULL, NULL, NULL, NULL, NULL, NULL),
(150430116040, NULL, NULL, NULL, NULL, NULL, NULL, NULL, NULL, NULL, NULL, NULL, NULL),
(150430116041, NULL, NULL, NULL, NULL, NULL, NULL, NULL, NULL, NULL, NULL, NULL, NULL),
(150430116042, NULL, NULL, NULL, NULL, NULL, NULL, NULL, NULL, NULL, NULL, NULL, NULL),
(150430116043, NULL, NULL, NULL, NULL, NULL, NULL, NULL, NULL, NULL, NULL, NULL, NULL),
(150430116044, NULL, NULL, NULL, NULL, NULL, NULL, NULL, NULL, NULL, NULL, NULL, NULL),
(150430116045, NULL, NULL, NULL, NULL, NULL, NULL, NULL, NULL, NULL, NULL, NULL, NULL),
(150430116046, NULL, NULL, NULL, NULL, NULL, NULL, NULL, NULL, NULL, NULL, NULL, NULL),
(150430116047, NULL, NULL, NULL, NULL, NULL, NULL, NULL, NULL, NULL, NULL, NULL, NULL),
(150430116048, NULL, NULL, NULL, NULL, NULL, NULL, NULL, NULL, NULL, NULL, NULL, NULL),
(150430116049, NULL, NULL, NULL, NULL, NULL, NULL, NULL, NULL, NULL, NULL, NULL, NULL),
(150430116050, NULL, NULL, NULL, NULL, NULL, NULL, NULL, NULL, NULL, NULL, NULL, NULL),
(150430116051, NULL, NULL, NULL, NULL, NULL, NULL, NULL, NULL, NULL, NULL, NULL, NULL),
(150430116052, NULL, NULL, NULL, NULL, NULL, NULL, NULL, NULL, NULL, NULL, NULL, NULL),
(150430116053, NULL, NULL, NULL, NULL, NULL, NULL, NULL, NULL, NULL, NULL, NULL, NULL),
(150430116054, NULL, NULL, NULL, NULL, NULL, NULL, NULL, NULL, NULL, NULL, NULL, NULL),
(150430116055, NULL, NULL, NULL, NULL, NULL, NULL, NULL, NULL, NULL, NULL, NULL, NULL),
(150430116056, NULL, NULL, NULL, NULL, NULL, NULL, NULL, NULL, NULL, NULL, NULL, NULL),
(150430116057, NULL, NULL, NULL, NULL, NULL, NULL, NULL, NULL, NULL, NULL, NULL, NULL),
(150430116058, NULL, NULL, NULL, NULL, NULL, NULL, NULL, NULL, NULL, NULL, NULL, NULL),
(150430116059, NULL, NULL, NULL, NULL, NULL, NULL, NULL, NULL, NULL, NULL, NULL, NULL),
(150430116060, NULL, NULL, NULL, NULL, NULL, NULL, NULL, NULL, NULL, NULL, NULL, NULL),
(150430116061, NULL, NULL, NULL, NULL, NULL, NULL, NULL, NULL, NULL, NULL, NULL, NULL),
(150430116062, NULL, NULL, NULL, NULL, NULL, NULL, NULL, NULL, NULL, NULL, NULL, NULL),
(150430116063, NULL, NULL, NULL, NULL, NULL, NULL, NULL, NULL, NULL, NULL, NULL, NULL),
(150430116064, NULL, NULL, NULL, NULL, NULL, NULL, NULL, NULL, NULL, NULL, NULL, NULL),
(150430116065, NULL, NULL, NULL, NULL, NULL, NULL, NULL, NULL, NULL, NULL, NULL, NULL),
(150430116066, NULL, NULL, NULL, NULL, NULL, NULL, NULL, NULL, NULL, NULL, NULL, NULL),
(150430116068, NULL, NULL, NULL, NULL, NULL, NULL, NULL, NULL, NULL, NULL, NULL, NULL),
(150430116069, NULL, NULL, NULL, NULL, NULL, NULL, NULL, NULL, NULL, NULL, NULL, NULL),
(150430116070, NULL, NULL, NULL, NULL, NULL, NULL, NULL, NULL, NULL, NULL, NULL, NULL),
(150430116071, NULL, NULL, NULL, NULL, NULL, NULL, NULL, NULL, NULL, NULL, NULL, NULL),
(150430116073, NULL, NULL, NULL, NULL, NULL, NULL, NULL, NULL, NULL, NULL, NULL, NULL),
(150430116074, NULL, NULL, NULL, NULL, NULL, NULL, NULL, NULL, NULL, NULL, NULL, NULL),
(150430116075, NULL, NULL, NULL, NULL, NULL, NULL, NULL, NULL, NULL, NULL, NULL, NULL),
(150430116076, NULL, NULL, NULL, NULL, NULL, NULL, NULL, NULL, NULL, NULL, NULL, NULL),
(150430116077, NULL, NULL, NULL, NULL, NULL, NULL, NULL, NULL, NULL, NULL, NULL, NULL),
(150430116078, NULL, NULL, NULL, NULL, NULL, NULL, NULL, NULL, NULL, NULL, NULL, NULL),
(150430116079, NULL, NULL, NULL, NULL, NULL, NULL, NULL, NULL, NULL, NULL, NULL, NULL),
(150430116080, NULL, NULL, NULL, NULL, NULL, NULL, NULL, NULL, NULL, NULL, NULL, NULL),
(150430116081, NULL, NULL, NULL, NULL, NULL, NULL, NULL, NULL, NULL, NULL, NULL, NULL),
(150430116082, NULL, NULL, NULL, NULL, NULL, NULL, NULL, NULL, NULL, NULL, NULL, NULL),
(150430116083, NULL, NULL, NULL, NULL, NULL, NULL, NULL, NULL, NULL, NULL, NULL, NULL),
(150430116084, NULL, NULL, NULL, NULL, NULL, NULL, NULL, NULL, NULL, NULL, NULL, NULL),
(150430116085, NULL, NULL, NULL, NULL, NULL, NULL, NULL, NULL, NULL, NULL, NULL, NULL),
(150430116086, NULL, NULL, NULL, NULL, NULL, NULL, NULL, NULL, NULL, NULL, NULL, NULL),
(150430116087, NULL, NULL, NULL, NULL, NULL, NULL, NULL, NULL, NULL, NULL, NULL, NULL),
(150430116088, NULL, NULL, NULL, NULL, NULL, NULL, NULL, NULL, NULL, NULL, NULL, NULL),
(150430116089, NULL, NULL, NULL, NULL, NULL, NULL, NULL, NULL, NULL, NULL, NULL, NULL),
(150430116090, NULL, NULL, NULL, NULL, NULL, NULL, NULL, NULL, NULL, NULL, NULL, NULL),
(150430116093, NULL, NULL, NULL, NULL, NULL, NULL, NULL, NULL, NULL, NULL, NULL, NULL),
(150430116094, NULL, NULL, NULL, NULL, NULL, NULL, NULL, NULL, NULL, NULL, NULL, NULL),
(150430116095, NULL, NULL, NULL, NULL, NULL, NULL, NULL, NULL, NULL, NULL, NULL, NULL),
(150430116096, NULL, NULL, NULL, NULL, NULL, NULL, NULL, NULL, NULL, NULL, NULL, NULL),
(150430116097, NULL, NULL, NULL, NULL, NULL, NULL, NULL, NULL, NULL, NULL, NULL, NULL),
(150430116098, NULL, NULL, NULL, NULL, NULL, NULL, NULL, NULL, NULL, NULL, NULL, NULL),
(150430116099, NULL, NULL, NULL, NULL, NULL, NULL, NULL, NULL, NULL, NULL, NULL, NULL),
(150430116100, NULL, NULL, NULL, NULL, NULL, NULL, NULL, NULL, NULL, NULL, NULL, NULL),
(150430116101, NULL, NULL, NULL, NULL, NULL, NULL, NULL, NULL, NULL, NULL, NULL, NULL),
(150430116103, NULL, NULL, NULL, NULL, NULL, NULL, NULL, NULL, NULL, NULL, NULL, NULL),
(150430116104, NULL, NULL, NULL, NULL, NULL, NULL, NULL, NULL, NULL, NULL, NULL, NULL),
(150430116106, NULL, NULL, NULL, NULL, NULL, NULL, NULL, NULL, NULL, NULL, NULL, NULL),
(150430116107, NULL, NULL, NULL, NULL, NULL, NULL, NULL, NULL, NULL, NULL, NULL, NULL),
(150430116108, NULL, NULL, NULL, NULL, NULL, NULL, NULL, NULL, NULL, NULL, NULL, NULL),
(150430116109, NULL, NULL, NULL, NULL, NULL, NULL, NULL, NULL, NULL, NULL, NULL, NULL),
(150430116110, NULL, NULL, NULL, NULL, NULL, NULL, NULL, NULL, NULL, NULL, NULL, NULL),
(150430116111, NULL, NULL, NULL, NULL, NULL, NULL, NULL, NULL, NULL, NULL, NULL, NULL),
(150430116113, NULL, NULL, NULL, NULL, NULL, NULL, NULL, NULL, NULL, NULL, NULL, NULL),
(150430116115, NULL, NULL, NULL, NULL, NULL, NULL, NULL, NULL, NULL, NULL, NULL, NULL),
(150430116116, NULL, NULL, NULL, NULL, NULL, NULL, NULL, NULL, NULL, NULL, NULL, NULL),
(150430116117, NULL, NULL, NULL, NULL, NULL, NULL, NULL, NULL, NULL, NULL, NULL, NULL),
(150430116118, NULL, NULL, NULL, NULL, NULL, NULL, NULL, NULL, NULL, NULL, NULL, NULL),
(150430116119, NULL, NULL, NULL, NULL, NULL, NULL, NULL, NULL, NULL, NULL, NULL, NULL),
(150430116120, NULL, NULL, NULL, NULL, NULL, NULL, NULL, NULL, NULL, NULL, NULL, NULL),
(150430116121, NULL, NULL, NULL, NULL, NULL, NULL, NULL, NULL, NULL, NULL, NULL, NULL),
(150430116122, NULL, NULL, NULL, NULL, NULL, NULL, NULL, NULL, NULL, NULL, NULL, NULL),
(150430116123, NULL, NULL, NULL, NULL, NULL, NULL, NULL, NULL, NULL, NULL, NULL, NULL),
(150430116124, NULL, NULL, NULL, NULL, NULL, NULL, NULL, NULL, NULL, NULL, NULL, NULL),
(150430116125, NULL, NULL, NULL, NULL, NULL, NULL, NULL, NULL, NULL, NULL, NULL, NULL),
(150430116126, NULL, NULL, NULL, NULL, NULL, NULL, NULL, NULL, NULL, NULL, NULL, NULL);

-- --------------------------------------------------------

--
-- Table structure for table `sem2_16_r`
--

CREATE TABLE `sem2_16_r` (
  `enrolment` bigint(20) NOT NULL,
  `year` int(11) DEFAULT NULL,
  `2110015_r` int(10) DEFAULT NULL,
  `2110016_r` int(10) DEFAULT NULL,
  `2990001_r` int(10) DEFAULT NULL,
  `2110011_r` int(10) DEFAULT NULL,
  `2110006_r` int(10) DEFAULT NULL
) ENGINE=InnoDB DEFAULT CHARSET=latin1;

--
-- Dumping data for table `sem2_16_r`
--

INSERT INTO `sem2_16_r` (`enrolment`, `year`, `2110015_r`, `2110016_r`, `2990001_r`, `2110011_r`, `2110006_r`) VALUES
(150430116001, NULL, NULL, NULL, NULL, NULL, NULL),
(150430116002, NULL, NULL, NULL, NULL, NULL, NULL),
(150430116003, NULL, NULL, NULL, NULL, NULL, NULL),
(150430116004, NULL, NULL, NULL, NULL, NULL, NULL),
(150430116005, NULL, NULL, NULL, NULL, NULL, NULL),
(150430116006, NULL, NULL, NULL, NULL, NULL, NULL),
(150430116007, NULL, NULL, NULL, NULL, NULL, NULL),
(150430116008, NULL, NULL, NULL, NULL, NULL, NULL),
(150430116009, NULL, NULL, NULL, NULL, NULL, NULL),
(150430116010, NULL, NULL, NULL, NULL, NULL, NULL),
(150430116011, NULL, NULL, NULL, NULL, NULL, NULL),
(150430116012, NULL, NULL, NULL, NULL, NULL, NULL),
(150430116013, NULL, NULL, NULL, NULL, NULL, NULL),
(150430116014, NULL, NULL, NULL, NULL, NULL, NULL),
(150430116015, NULL, NULL, NULL, NULL, NULL, NULL),
(150430116016, NULL, NULL, NULL, NULL, NULL, NULL),
(150430116017, NULL, NULL, NULL, NULL, NULL, NULL),
(150430116019, NULL, NULL, NULL, NULL, NULL, NULL),
(150430116020, NULL, NULL, NULL, NULL, NULL, NULL),
(150430116021, NULL, NULL, NULL, NULL, NULL, NULL),
(150430116022, NULL, NULL, NULL, NULL, NULL, NULL),
(150430116023, NULL, NULL, NULL, NULL, NULL, NULL),
(150430116024, NULL, NULL, NULL, NULL, NULL, NULL),
(150430116026, NULL, NULL, NULL, NULL, NULL, NULL),
(150430116027, NULL, NULL, NULL, NULL, NULL, NULL),
(150430116028, NULL, NULL, NULL, NULL, NULL, NULL),
(150430116029, NULL, NULL, NULL, NULL, NULL, NULL),
(150430116030, NULL, NULL, NULL, NULL, NULL, NULL),
(150430116031, NULL, NULL, NULL, NULL, NULL, NULL),
(150430116032, NULL, NULL, NULL, NULL, NULL, NULL),
(150430116033, NULL, NULL, NULL, NULL, NULL, NULL),
(150430116034, NULL, NULL, NULL, NULL, NULL, NULL),
(150430116035, NULL, NULL, NULL, NULL, NULL, NULL),
(150430116036, NULL, NULL, NULL, NULL, NULL, NULL),
(150430116038, NULL, NULL, NULL, NULL, NULL, NULL),
(150430116040, NULL, NULL, NULL, NULL, NULL, NULL),
(150430116041, NULL, NULL, NULL, NULL, NULL, NULL),
(150430116042, NULL, NULL, NULL, NULL, NULL, NULL),
(150430116043, NULL, NULL, NULL, NULL, NULL, NULL),
(150430116044, NULL, NULL, NULL, NULL, NULL, NULL),
(150430116045, NULL, NULL, NULL, NULL, NULL, NULL),
(150430116046, NULL, NULL, NULL, NULL, NULL, NULL),
(150430116047, NULL, NULL, NULL, NULL, NULL, NULL),
(150430116048, NULL, NULL, NULL, NULL, NULL, NULL),
(150430116049, NULL, NULL, NULL, NULL, NULL, NULL),
(150430116050, NULL, NULL, NULL, NULL, NULL, NULL),
(150430116051, NULL, NULL, NULL, NULL, NULL, NULL),
(150430116052, NULL, NULL, NULL, NULL, NULL, NULL),
(150430116053, NULL, NULL, NULL, NULL, NULL, NULL),
(150430116054, NULL, NULL, NULL, NULL, NULL, NULL),
(150430116055, NULL, NULL, NULL, NULL, NULL, NULL),
(150430116056, NULL, NULL, NULL, NULL, NULL, NULL),
(150430116057, NULL, NULL, NULL, NULL, NULL, NULL),
(150430116058, NULL, NULL, NULL, NULL, NULL, NULL),
(150430116059, NULL, NULL, NULL, NULL, NULL, NULL),
(150430116060, NULL, NULL, NULL, NULL, NULL, NULL),
(150430116061, NULL, NULL, NULL, NULL, NULL, NULL),
(150430116062, NULL, NULL, NULL, NULL, NULL, NULL),
(150430116063, NULL, NULL, NULL, NULL, NULL, NULL),
(150430116064, NULL, NULL, NULL, NULL, NULL, NULL),
(150430116065, NULL, NULL, NULL, NULL, NULL, NULL),
(150430116066, NULL, NULL, NULL, NULL, NULL, NULL),
(150430116068, NULL, NULL, NULL, NULL, NULL, NULL),
(150430116069, NULL, NULL, NULL, NULL, NULL, NULL),
(150430116070, NULL, NULL, NULL, NULL, NULL, NULL),
(150430116071, NULL, NULL, NULL, NULL, NULL, NULL),
(150430116073, NULL, NULL, NULL, NULL, NULL, NULL),
(150430116074, NULL, NULL, NULL, NULL, NULL, NULL),
(150430116075, NULL, NULL, NULL, NULL, NULL, NULL),
(150430116076, NULL, NULL, NULL, NULL, NULL, NULL),
(150430116077, NULL, NULL, NULL, NULL, NULL, NULL),
(150430116078, NULL, NULL, NULL, NULL, NULL, NULL),
(150430116079, NULL, NULL, NULL, NULL, NULL, NULL),
(150430116080, NULL, NULL, NULL, NULL, NULL, NULL),
(150430116081, NULL, NULL, NULL, NULL, NULL, NULL),
(150430116082, NULL, NULL, NULL, NULL, NULL, NULL),
(150430116083, NULL, NULL, NULL, NULL, NULL, NULL),
(150430116084, NULL, NULL, NULL, NULL, NULL, NULL),
(150430116085, NULL, NULL, NULL, NULL, NULL, NULL),
(150430116086, NULL, NULL, NULL, NULL, NULL, NULL),
(150430116087, NULL, NULL, NULL, NULL, NULL, NULL),
(150430116088, NULL, NULL, NULL, NULL, NULL, NULL),
(150430116089, NULL, NULL, NULL, NULL, NULL, NULL),
(150430116090, NULL, NULL, NULL, NULL, NULL, NULL),
(150430116093, NULL, NULL, NULL, NULL, NULL, NULL),
(150430116094, NULL, NULL, NULL, NULL, NULL, NULL),
(150430116095, NULL, NULL, NULL, NULL, NULL, NULL),
(150430116096, NULL, NULL, NULL, NULL, NULL, NULL),
(150430116097, NULL, NULL, NULL, NULL, NULL, NULL),
(150430116098, NULL, NULL, NULL, NULL, NULL, NULL),
(150430116099, NULL, NULL, NULL, NULL, NULL, NULL),
(150430116100, NULL, NULL, NULL, NULL, NULL, NULL),
(150430116101, NULL, NULL, NULL, NULL, NULL, NULL),
(150430116103, NULL, NULL, NULL, NULL, NULL, NULL),
(150430116104, NULL, NULL, NULL, NULL, NULL, NULL),
(150430116106, NULL, NULL, NULL, NULL, NULL, NULL),
(150430116107, NULL, NULL, NULL, NULL, NULL, NULL),
(150430116108, NULL, NULL, NULL, NULL, NULL, NULL),
(150430116109, NULL, NULL, NULL, NULL, NULL, NULL),
(150430116110, NULL, NULL, NULL, NULL, NULL, NULL),
(150430116111, NULL, NULL, NULL, NULL, NULL, NULL),
(150430116113, NULL, NULL, NULL, NULL, NULL, NULL),
(150430116115, NULL, NULL, NULL, NULL, NULL, NULL),
(150430116116, NULL, NULL, NULL, NULL, NULL, NULL),
(150430116117, NULL, NULL, NULL, NULL, NULL, NULL),
(150430116118, NULL, NULL, NULL, NULL, NULL, NULL),
(150430116119, NULL, NULL, NULL, NULL, NULL, NULL),
(150430116120, NULL, NULL, NULL, NULL, NULL, NULL),
(150430116121, NULL, NULL, NULL, NULL, NULL, NULL),
(150430116122, NULL, NULL, NULL, NULL, NULL, NULL),
(150430116123, NULL, NULL, NULL, NULL, NULL, NULL),
(150430116124, NULL, NULL, NULL, NULL, NULL, NULL),
(150430116125, NULL, NULL, NULL, NULL, NULL, NULL),
(150430116126, NULL, NULL, NULL, NULL, NULL, NULL);

-- --------------------------------------------------------

--
-- Table structure for table `sem3_16`
--

CREATE TABLE `sem3_16` (
  `enrolment` bigint(20) NOT NULL,
  `year` int(11) DEFAULT NULL,
  `2130002_m` int(10) DEFAULT NULL,
  `2130002_v` int(10) DEFAULT NULL,
  `2130004_m` int(10) DEFAULT NULL,
  `2130004_v` int(10) DEFAULT NULL,
  `2130005_v` int(10) DEFAULT NULL,
  `2130702_m` int(10) DEFAULT NULL,
  `2130702_v` int(10) DEFAULT NULL,
  `2130703_m` int(10) DEFAULT NULL,
  `2130703_v` int(10) DEFAULT NULL,
  `2131004_m` int(10) DEFAULT NULL,
  `2131004_v` int(10) DEFAULT NULL,
  `1_m` int(10) DEFAULT NULL,
  `1_v` int(10) DEFAULT NULL
) ENGINE=InnoDB DEFAULT CHARSET=latin1;

--
-- Dumping data for table `sem3_16`
--

INSERT INTO `sem3_16` (`enrolment`, `year`, `2130002_m`, `2130002_v`, `2130004_m`, `2130004_v`, `2130005_v`, `2130702_m`, `2130702_v`, `2130703_m`, `2130703_v`, `2131004_m`, `2131004_v`, `1_m`, `1_v`) VALUES
(150430116001, NULL, NULL, NULL, NULL, NULL, NULL, NULL, NULL, NULL, NULL, NULL, NULL, NULL, NULL),
(150430116002, NULL, NULL, NULL, NULL, NULL, NULL, NULL, NULL, NULL, NULL, NULL, NULL, NULL, NULL),
(150430116003, NULL, NULL, NULL, NULL, NULL, NULL, NULL, NULL, NULL, NULL, NULL, NULL, NULL, NULL),
(150430116004, NULL, NULL, NULL, NULL, NULL, NULL, NULL, NULL, NULL, NULL, NULL, NULL, NULL, NULL),
(150430116005, NULL, NULL, NULL, NULL, NULL, NULL, NULL, NULL, NULL, NULL, NULL, NULL, NULL, NULL),
(150430116006, NULL, NULL, NULL, NULL, NULL, NULL, NULL, NULL, NULL, NULL, NULL, NULL, NULL, NULL),
(150430116007, NULL, NULL, NULL, NULL, NULL, NULL, NULL, NULL, NULL, NULL, NULL, NULL, NULL, NULL),
(150430116008, NULL, NULL, NULL, NULL, NULL, NULL, NULL, NULL, NULL, NULL, NULL, NULL, NULL, NULL),
(150430116009, NULL, NULL, NULL, NULL, NULL, NULL, NULL, NULL, NULL, NULL, NULL, NULL, NULL, NULL),
(150430116010, NULL, NULL, NULL, NULL, NULL, NULL, NULL, NULL, NULL, NULL, NULL, NULL, NULL, NULL),
(150430116011, NULL, NULL, NULL, NULL, NULL, NULL, NULL, NULL, NULL, NULL, NULL, NULL, NULL, NULL),
(150430116012, NULL, NULL, NULL, NULL, NULL, NULL, NULL, NULL, NULL, NULL, NULL, NULL, NULL, NULL),
(150430116013, NULL, NULL, NULL, NULL, NULL, NULL, NULL, NULL, NULL, NULL, NULL, NULL, NULL, NULL),
(150430116014, NULL, NULL, NULL, NULL, NULL, NULL, NULL, NULL, NULL, NULL, NULL, NULL, NULL, NULL),
(150430116015, NULL, NULL, NULL, NULL, NULL, NULL, NULL, NULL, NULL, NULL, NULL, NULL, NULL, NULL),
(150430116016, NULL, NULL, NULL, NULL, NULL, NULL, NULL, NULL, NULL, NULL, NULL, NULL, NULL, NULL),
(150430116017, NULL, NULL, NULL, NULL, NULL, NULL, NULL, NULL, NULL, NULL, NULL, NULL, NULL, NULL),
(150430116019, NULL, NULL, NULL, NULL, NULL, NULL, NULL, NULL, NULL, NULL, NULL, NULL, NULL, NULL),
(150430116020, NULL, NULL, NULL, NULL, NULL, NULL, NULL, NULL, NULL, NULL, NULL, NULL, NULL, NULL),
(150430116021, NULL, NULL, NULL, NULL, NULL, NULL, NULL, NULL, NULL, NULL, NULL, NULL, NULL, NULL),
(150430116022, NULL, NULL, NULL, NULL, NULL, NULL, NULL, NULL, NULL, NULL, NULL, NULL, NULL, NULL),
(150430116023, NULL, NULL, NULL, NULL, NULL, NULL, NULL, NULL, NULL, NULL, NULL, NULL, NULL, NULL),
(150430116024, NULL, NULL, NULL, NULL, NULL, NULL, NULL, NULL, NULL, NULL, NULL, NULL, NULL, NULL),
(150430116026, NULL, NULL, NULL, NULL, NULL, NULL, NULL, NULL, NULL, NULL, NULL, NULL, NULL, NULL),
(150430116027, NULL, NULL, NULL, NULL, NULL, NULL, NULL, NULL, NULL, NULL, NULL, NULL, NULL, NULL),
(150430116028, NULL, NULL, NULL, NULL, NULL, NULL, NULL, NULL, NULL, NULL, NULL, NULL, NULL, NULL),
(150430116029, NULL, NULL, NULL, NULL, NULL, NULL, NULL, NULL, NULL, NULL, NULL, NULL, NULL, NULL),
(150430116030, NULL, NULL, NULL, NULL, NULL, NULL, NULL, NULL, NULL, NULL, NULL, NULL, NULL, NULL),
(150430116031, NULL, NULL, NULL, NULL, NULL, NULL, NULL, NULL, NULL, NULL, NULL, NULL, NULL, NULL),
(150430116032, NULL, NULL, NULL, NULL, NULL, NULL, NULL, NULL, NULL, NULL, NULL, NULL, NULL, NULL),
(150430116033, NULL, NULL, NULL, NULL, NULL, NULL, NULL, NULL, NULL, NULL, NULL, NULL, NULL, NULL),
(150430116034, NULL, NULL, NULL, NULL, NULL, NULL, NULL, NULL, NULL, NULL, NULL, NULL, NULL, NULL),
(150430116035, NULL, NULL, NULL, NULL, NULL, NULL, NULL, NULL, NULL, NULL, NULL, NULL, NULL, NULL),
(150430116036, NULL, NULL, NULL, NULL, NULL, NULL, NULL, NULL, NULL, NULL, NULL, NULL, NULL, NULL),
(150430116038, NULL, NULL, NULL, NULL, NULL, NULL, NULL, NULL, NULL, NULL, NULL, NULL, NULL, NULL),
(150430116040, NULL, NULL, NULL, NULL, NULL, NULL, NULL, NULL, NULL, NULL, NULL, NULL, NULL, NULL),
(150430116041, NULL, NULL, NULL, NULL, NULL, NULL, NULL, NULL, NULL, NULL, NULL, NULL, NULL, NULL),
(150430116042, NULL, NULL, NULL, NULL, NULL, NULL, NULL, NULL, NULL, NULL, NULL, NULL, NULL, NULL),
(150430116043, NULL, NULL, NULL, NULL, NULL, NULL, NULL, NULL, NULL, NULL, NULL, NULL, NULL, NULL),
(150430116044, NULL, NULL, NULL, NULL, NULL, NULL, NULL, NULL, NULL, NULL, NULL, NULL, NULL, NULL),
(150430116045, NULL, NULL, NULL, NULL, NULL, NULL, NULL, NULL, NULL, NULL, NULL, NULL, NULL, NULL),
(150430116046, NULL, NULL, NULL, NULL, NULL, NULL, NULL, NULL, NULL, NULL, NULL, NULL, NULL, NULL),
(150430116047, NULL, NULL, NULL, NULL, NULL, NULL, NULL, NULL, NULL, NULL, NULL, NULL, NULL, NULL),
(150430116048, NULL, NULL, NULL, NULL, NULL, NULL, NULL, NULL, NULL, NULL, NULL, NULL, NULL, NULL),
(150430116049, NULL, NULL, NULL, NULL, NULL, NULL, NULL, NULL, NULL, NULL, NULL, NULL, NULL, NULL),
(150430116050, NULL, NULL, NULL, NULL, NULL, NULL, NULL, NULL, NULL, NULL, NULL, NULL, NULL, NULL),
(150430116051, NULL, NULL, NULL, NULL, NULL, NULL, NULL, NULL, NULL, NULL, NULL, NULL, NULL, NULL),
(150430116052, NULL, NULL, NULL, NULL, NULL, NULL, NULL, NULL, NULL, NULL, NULL, NULL, NULL, NULL),
(150430116053, NULL, NULL, NULL, NULL, NULL, NULL, NULL, NULL, NULL, NULL, NULL, NULL, NULL, NULL),
(150430116054, NULL, NULL, NULL, NULL, NULL, NULL, NULL, NULL, NULL, NULL, NULL, NULL, NULL, NULL),
(150430116055, NULL, NULL, NULL, NULL, NULL, NULL, NULL, NULL, NULL, NULL, NULL, NULL, NULL, NULL),
(150430116056, NULL, NULL, NULL, NULL, NULL, NULL, NULL, NULL, NULL, NULL, NULL, NULL, NULL, NULL),
(150430116057, NULL, NULL, NULL, NULL, NULL, NULL, NULL, NULL, NULL, NULL, NULL, NULL, NULL, NULL),
(150430116058, NULL, NULL, NULL, NULL, NULL, NULL, NULL, NULL, NULL, NULL, NULL, NULL, NULL, NULL),
(150430116059, NULL, NULL, NULL, NULL, NULL, NULL, NULL, NULL, NULL, NULL, NULL, NULL, NULL, NULL),
(150430116060, NULL, NULL, NULL, NULL, NULL, NULL, NULL, NULL, NULL, NULL, NULL, NULL, NULL, NULL),
(150430116061, NULL, NULL, NULL, NULL, NULL, NULL, NULL, NULL, NULL, NULL, NULL, NULL, NULL, NULL),
(150430116062, NULL, NULL, NULL, NULL, NULL, NULL, NULL, NULL, NULL, NULL, NULL, NULL, NULL, NULL),
(150430116063, NULL, NULL, NULL, NULL, NULL, NULL, NULL, NULL, NULL, NULL, NULL, NULL, NULL, NULL),
(150430116064, NULL, NULL, NULL, NULL, NULL, NULL, NULL, NULL, NULL, NULL, NULL, NULL, NULL, NULL),
(150430116065, NULL, NULL, NULL, NULL, NULL, NULL, NULL, NULL, NULL, NULL, NULL, NULL, NULL, NULL),
(150430116066, NULL, NULL, NULL, NULL, NULL, NULL, NULL, NULL, NULL, NULL, NULL, NULL, NULL, NULL),
(150430116068, NULL, NULL, NULL, NULL, NULL, NULL, NULL, NULL, NULL, NULL, NULL, NULL, NULL, NULL),
(150430116069, NULL, NULL, NULL, NULL, NULL, NULL, NULL, NULL, NULL, NULL, NULL, NULL, NULL, NULL),
(150430116070, NULL, NULL, NULL, NULL, NULL, NULL, NULL, NULL, NULL, NULL, NULL, NULL, NULL, NULL),
(150430116071, NULL, NULL, NULL, NULL, NULL, NULL, NULL, NULL, NULL, NULL, NULL, NULL, NULL, NULL),
(150430116073, NULL, NULL, NULL, NULL, NULL, NULL, NULL, NULL, NULL, NULL, NULL, NULL, NULL, NULL),
(150430116074, NULL, NULL, NULL, NULL, NULL, NULL, NULL, NULL, NULL, NULL, NULL, NULL, NULL, NULL),
(150430116075, NULL, NULL, NULL, NULL, NULL, NULL, NULL, NULL, NULL, NULL, NULL, NULL, NULL, NULL),
(150430116076, NULL, NULL, NULL, NULL, NULL, NULL, NULL, NULL, NULL, NULL, NULL, NULL, NULL, NULL),
(150430116077, NULL, NULL, NULL, NULL, NULL, NULL, NULL, NULL, NULL, NULL, NULL, NULL, NULL, NULL),
(150430116078, NULL, NULL, NULL, NULL, NULL, NULL, NULL, NULL, NULL, NULL, NULL, NULL, NULL, NULL),
(150430116079, NULL, NULL, NULL, NULL, NULL, NULL, NULL, NULL, NULL, NULL, NULL, NULL, NULL, NULL),
(150430116080, NULL, NULL, NULL, NULL, NULL, NULL, NULL, NULL, NULL, NULL, NULL, NULL, NULL, NULL),
(150430116081, NULL, NULL, NULL, NULL, NULL, NULL, NULL, NULL, NULL, NULL, NULL, NULL, NULL, NULL),
(150430116082, NULL, NULL, NULL, NULL, NULL, NULL, NULL, NULL, NULL, NULL, NULL, NULL, NULL, NULL),
(150430116083, NULL, NULL, NULL, NULL, NULL, NULL, NULL, NULL, NULL, NULL, NULL, NULL, NULL, NULL),
(150430116084, NULL, NULL, NULL, NULL, NULL, NULL, NULL, NULL, NULL, NULL, NULL, NULL, NULL, NULL),
(150430116085, NULL, NULL, NULL, NULL, NULL, NULL, NULL, NULL, NULL, NULL, NULL, NULL, NULL, NULL),
(150430116086, NULL, NULL, NULL, NULL, NULL, NULL, NULL, NULL, NULL, NULL, NULL, NULL, NULL, NULL),
(150430116087, NULL, NULL, NULL, NULL, NULL, NULL, NULL, NULL, NULL, NULL, NULL, NULL, NULL, NULL),
(150430116088, NULL, NULL, NULL, NULL, NULL, NULL, NULL, NULL, NULL, NULL, NULL, NULL, NULL, NULL),
(150430116089, NULL, NULL, NULL, NULL, NULL, NULL, NULL, NULL, NULL, NULL, NULL, NULL, NULL, NULL),
(150430116090, NULL, NULL, NULL, NULL, NULL, NULL, NULL, NULL, NULL, NULL, NULL, NULL, NULL, NULL),
(150430116093, NULL, NULL, NULL, NULL, NULL, NULL, NULL, NULL, NULL, NULL, NULL, NULL, NULL, NULL),
(150430116094, NULL, NULL, NULL, NULL, NULL, NULL, NULL, NULL, NULL, NULL, NULL, NULL, NULL, NULL),
(150430116095, NULL, NULL, NULL, NULL, NULL, NULL, NULL, NULL, NULL, NULL, NULL, NULL, NULL, NULL),
(150430116096, NULL, NULL, NULL, NULL, NULL, NULL, NULL, NULL, NULL, NULL, NULL, NULL, NULL, NULL),
(150430116097, NULL, NULL, NULL, NULL, NULL, NULL, NULL, NULL, NULL, NULL, NULL, NULL, NULL, NULL),
(150430116098, NULL, NULL, NULL, NULL, NULL, NULL, NULL, NULL, NULL, NULL, NULL, NULL, NULL, NULL),
(150430116099, NULL, NULL, NULL, NULL, NULL, NULL, NULL, NULL, NULL, NULL, NULL, NULL, NULL, NULL),
(150430116100, NULL, NULL, NULL, NULL, NULL, NULL, NULL, NULL, NULL, NULL, NULL, NULL, NULL, NULL),
(150430116101, NULL, NULL, NULL, NULL, NULL, NULL, NULL, NULL, NULL, NULL, NULL, NULL, NULL, NULL),
(150430116103, NULL, NULL, NULL, NULL, NULL, NULL, NULL, NULL, NULL, NULL, NULL, NULL, NULL, NULL),
(150430116104, NULL, NULL, NULL, NULL, NULL, NULL, NULL, NULL, NULL, NULL, NULL, NULL, NULL, NULL),
(150430116106, NULL, NULL, NULL, NULL, NULL, NULL, NULL, NULL, NULL, NULL, NULL, NULL, NULL, NULL),
(150430116107, NULL, NULL, NULL, NULL, NULL, NULL, NULL, NULL, NULL, NULL, NULL, NULL, NULL, NULL),
(150430116108, NULL, NULL, NULL, NULL, NULL, NULL, NULL, NULL, NULL, NULL, NULL, NULL, NULL, NULL),
(150430116109, NULL, NULL, NULL, NULL, NULL, NULL, NULL, NULL, NULL, NULL, NULL, NULL, NULL, NULL),
(150430116110, NULL, NULL, NULL, NULL, NULL, NULL, NULL, NULL, NULL, NULL, NULL, NULL, NULL, NULL),
(150430116111, NULL, NULL, NULL, NULL, NULL, NULL, NULL, NULL, NULL, NULL, NULL, NULL, NULL, NULL),
(150430116113, NULL, NULL, NULL, NULL, NULL, NULL, NULL, NULL, NULL, NULL, NULL, NULL, NULL, NULL),
(150430116115, NULL, NULL, NULL, NULL, NULL, NULL, NULL, NULL, NULL, NULL, NULL, NULL, NULL, NULL),
(150430116116, NULL, NULL, NULL, NULL, NULL, NULL, NULL, NULL, NULL, NULL, NULL, NULL, NULL, NULL),
(150430116117, NULL, NULL, NULL, NULL, NULL, NULL, NULL, NULL, NULL, NULL, NULL, NULL, NULL, NULL),
(150430116118, NULL, NULL, NULL, NULL, NULL, NULL, NULL, NULL, NULL, NULL, NULL, NULL, NULL, NULL),
(150430116119, NULL, NULL, NULL, NULL, NULL, NULL, NULL, NULL, NULL, NULL, NULL, NULL, NULL, NULL),
(150430116120, NULL, NULL, NULL, NULL, NULL, NULL, NULL, NULL, NULL, NULL, NULL, NULL, NULL, NULL),
(150430116121, NULL, NULL, NULL, NULL, NULL, NULL, NULL, NULL, NULL, NULL, NULL, NULL, NULL, NULL),
(150430116122, NULL, NULL, NULL, NULL, NULL, NULL, NULL, NULL, NULL, NULL, NULL, NULL, NULL, NULL),
(150430116123, NULL, NULL, NULL, NULL, NULL, NULL, NULL, NULL, NULL, NULL, NULL, NULL, NULL, NULL),
(150430116124, NULL, NULL, NULL, NULL, NULL, NULL, NULL, NULL, NULL, NULL, NULL, NULL, NULL, NULL),
(150430116125, NULL, NULL, NULL, NULL, NULL, NULL, NULL, NULL, NULL, NULL, NULL, NULL, NULL, NULL),
(150430116126, NULL, NULL, NULL, NULL, NULL, NULL, NULL, NULL, NULL, NULL, NULL, NULL, NULL, NULL);

-- --------------------------------------------------------

--
-- Table structure for table `sem3_16_r`
--

CREATE TABLE `sem3_16_r` (
  `enrolment` bigint(20) NOT NULL,
  `year` int(11) DEFAULT NULL,
  `2130002_r` int(10) DEFAULT NULL,
  `2130004_r` int(10) DEFAULT NULL,
  `2130702_r` int(10) DEFAULT NULL,
  `2130703_r` int(10) DEFAULT NULL,
  `2131004_r` int(10) DEFAULT NULL,
  `1_r` int(10) DEFAULT NULL
) ENGINE=InnoDB DEFAULT CHARSET=latin1;

--
-- Dumping data for table `sem3_16_r`
--

INSERT INTO `sem3_16_r` (`enrolment`, `year`, `2130002_r`, `2130004_r`, `2130702_r`, `2130703_r`, `2131004_r`, `1_r`) VALUES
(150430116001, NULL, NULL, NULL, NULL, NULL, NULL, NULL),
(150430116002, NULL, NULL, NULL, NULL, NULL, NULL, NULL),
(150430116003, NULL, NULL, NULL, NULL, NULL, NULL, NULL),
(150430116004, NULL, NULL, NULL, NULL, NULL, NULL, NULL),
(150430116005, NULL, NULL, NULL, NULL, NULL, NULL, NULL),
(150430116006, NULL, NULL, NULL, NULL, NULL, NULL, NULL),
(150430116007, NULL, NULL, NULL, NULL, NULL, NULL, NULL),
(150430116008, NULL, NULL, NULL, NULL, NULL, NULL, NULL),
(150430116009, NULL, NULL, NULL, NULL, NULL, NULL, NULL),
(150430116010, NULL, NULL, NULL, NULL, NULL, NULL, NULL),
(150430116011, NULL, NULL, NULL, NULL, NULL, NULL, NULL),
(150430116012, NULL, NULL, NULL, NULL, NULL, NULL, NULL),
(150430116013, NULL, NULL, NULL, NULL, NULL, NULL, NULL),
(150430116014, NULL, NULL, NULL, NULL, NULL, NULL, NULL),
(150430116015, NULL, NULL, NULL, NULL, NULL, NULL, NULL),
(150430116016, NULL, NULL, NULL, NULL, NULL, NULL, NULL),
(150430116017, NULL, NULL, NULL, NULL, NULL, NULL, NULL),
(150430116019, NULL, NULL, NULL, NULL, NULL, NULL, NULL),
(150430116020, NULL, NULL, NULL, NULL, NULL, NULL, NULL),
(150430116021, NULL, NULL, NULL, NULL, NULL, NULL, NULL),
(150430116022, NULL, NULL, NULL, NULL, NULL, NULL, NULL),
(150430116023, NULL, NULL, NULL, NULL, NULL, NULL, NULL),
(150430116024, NULL, NULL, NULL, NULL, NULL, NULL, NULL),
(150430116026, NULL, NULL, NULL, NULL, NULL, NULL, NULL),
(150430116027, NULL, NULL, NULL, NULL, NULL, NULL, NULL),
(150430116028, NULL, NULL, NULL, NULL, NULL, NULL, NULL),
(150430116029, NULL, NULL, NULL, NULL, NULL, NULL, NULL),
(150430116030, NULL, NULL, NULL, NULL, NULL, NULL, NULL),
(150430116031, NULL, NULL, NULL, NULL, NULL, NULL, NULL),
(150430116032, NULL, NULL, NULL, NULL, NULL, NULL, NULL),
(150430116033, NULL, NULL, NULL, NULL, NULL, NULL, NULL),
(150430116034, NULL, NULL, NULL, NULL, NULL, NULL, NULL),
(150430116035, NULL, NULL, NULL, NULL, NULL, NULL, NULL),
(150430116036, NULL, NULL, NULL, NULL, NULL, NULL, NULL),
(150430116038, NULL, NULL, NULL, NULL, NULL, NULL, NULL),
(150430116040, NULL, NULL, NULL, NULL, NULL, NULL, NULL),
(150430116041, NULL, NULL, NULL, NULL, NULL, NULL, NULL),
(150430116042, NULL, NULL, NULL, NULL, NULL, NULL, NULL),
(150430116043, NULL, NULL, NULL, NULL, NULL, NULL, NULL),
(150430116044, NULL, NULL, NULL, NULL, NULL, NULL, NULL),
(150430116045, NULL, NULL, NULL, NULL, NULL, NULL, NULL),
(150430116046, NULL, NULL, NULL, NULL, NULL, NULL, NULL),
(150430116047, NULL, NULL, NULL, NULL, NULL, NULL, NULL),
(150430116048, NULL, NULL, NULL, NULL, NULL, NULL, NULL),
(150430116049, NULL, NULL, NULL, NULL, NULL, NULL, NULL),
(150430116050, NULL, NULL, NULL, NULL, NULL, NULL, NULL),
(150430116051, NULL, NULL, NULL, NULL, NULL, NULL, NULL),
(150430116052, NULL, NULL, NULL, NULL, NULL, NULL, NULL),
(150430116053, NULL, NULL, NULL, NULL, NULL, NULL, NULL),
(150430116054, NULL, NULL, NULL, NULL, NULL, NULL, NULL),
(150430116055, NULL, NULL, NULL, NULL, NULL, NULL, NULL),
(150430116056, NULL, NULL, NULL, NULL, NULL, NULL, NULL),
(150430116057, NULL, NULL, NULL, NULL, NULL, NULL, NULL),
(150430116058, NULL, NULL, NULL, NULL, NULL, NULL, NULL),
(150430116059, NULL, NULL, NULL, NULL, NULL, NULL, NULL),
(150430116060, NULL, NULL, NULL, NULL, NULL, NULL, NULL),
(150430116061, NULL, NULL, NULL, NULL, NULL, NULL, NULL),
(150430116062, NULL, NULL, NULL, NULL, NULL, NULL, NULL),
(150430116063, NULL, NULL, NULL, NULL, NULL, NULL, NULL),
(150430116064, NULL, NULL, NULL, NULL, NULL, NULL, NULL),
(150430116065, NULL, NULL, NULL, NULL, NULL, NULL, NULL),
(150430116066, NULL, NULL, NULL, NULL, NULL, NULL, NULL),
(150430116068, NULL, NULL, NULL, NULL, NULL, NULL, NULL),
(150430116069, NULL, NULL, NULL, NULL, NULL, NULL, NULL),
(150430116070, NULL, NULL, NULL, NULL, NULL, NULL, NULL),
(150430116071, NULL, NULL, NULL, NULL, NULL, NULL, NULL),
(150430116073, NULL, NULL, NULL, NULL, NULL, NULL, NULL),
(150430116074, NULL, NULL, NULL, NULL, NULL, NULL, NULL),
(150430116075, NULL, NULL, NULL, NULL, NULL, NULL, NULL),
(150430116076, NULL, NULL, NULL, NULL, NULL, NULL, NULL),
(150430116077, NULL, NULL, NULL, NULL, NULL, NULL, NULL),
(150430116078, NULL, NULL, NULL, NULL, NULL, NULL, NULL),
(150430116079, NULL, NULL, NULL, NULL, NULL, NULL, NULL),
(150430116080, NULL, NULL, NULL, NULL, NULL, NULL, NULL),
(150430116081, NULL, NULL, NULL, NULL, NULL, NULL, NULL),
(150430116082, NULL, NULL, NULL, NULL, NULL, NULL, NULL),
(150430116083, NULL, NULL, NULL, NULL, NULL, NULL, NULL),
(150430116084, NULL, NULL, NULL, NULL, NULL, NULL, NULL),
(150430116085, NULL, NULL, NULL, NULL, NULL, NULL, NULL),
(150430116086, NULL, NULL, NULL, NULL, NULL, NULL, NULL),
(150430116087, NULL, NULL, NULL, NULL, NULL, NULL, NULL),
(150430116088, NULL, NULL, NULL, NULL, NULL, NULL, NULL),
(150430116089, NULL, NULL, NULL, NULL, NULL, NULL, NULL),
(150430116090, NULL, NULL, NULL, NULL, NULL, NULL, NULL),
(150430116093, NULL, NULL, NULL, NULL, NULL, NULL, NULL),
(150430116094, NULL, NULL, NULL, NULL, NULL, NULL, NULL),
(150430116095, NULL, NULL, NULL, NULL, NULL, NULL, NULL),
(150430116096, NULL, NULL, NULL, NULL, NULL, NULL, NULL),
(150430116097, NULL, NULL, NULL, NULL, NULL, NULL, NULL),
(150430116098, NULL, NULL, NULL, NULL, NULL, NULL, NULL),
(150430116099, NULL, NULL, NULL, NULL, NULL, NULL, NULL),
(150430116100, NULL, NULL, NULL, NULL, NULL, NULL, NULL),
(150430116101, NULL, NULL, NULL, NULL, NULL, NULL, NULL),
(150430116103, NULL, NULL, NULL, NULL, NULL, NULL, NULL),
(150430116104, NULL, NULL, NULL, NULL, NULL, NULL, NULL),
(150430116106, NULL, NULL, NULL, NULL, NULL, NULL, NULL),
(150430116107, NULL, NULL, NULL, NULL, NULL, NULL, NULL),
(150430116108, NULL, NULL, NULL, NULL, NULL, NULL, NULL),
(150430116109, NULL, NULL, NULL, NULL, NULL, NULL, NULL),
(150430116110, NULL, NULL, NULL, NULL, NULL, NULL, NULL),
(150430116111, NULL, NULL, NULL, NULL, NULL, NULL, NULL),
(150430116113, NULL, NULL, NULL, NULL, NULL, NULL, NULL),
(150430116115, NULL, NULL, NULL, NULL, NULL, NULL, NULL),
(150430116116, NULL, NULL, NULL, NULL, NULL, NULL, NULL),
(150430116117, NULL, NULL, NULL, NULL, NULL, NULL, NULL),
(150430116118, NULL, NULL, NULL, NULL, NULL, NULL, NULL),
(150430116119, NULL, NULL, NULL, NULL, NULL, NULL, NULL),
(150430116120, NULL, NULL, NULL, NULL, NULL, NULL, NULL),
(150430116121, NULL, NULL, NULL, NULL, NULL, NULL, NULL),
(150430116122, NULL, NULL, NULL, NULL, NULL, NULL, NULL),
(150430116123, NULL, NULL, NULL, NULL, NULL, NULL, NULL),
(150430116124, NULL, NULL, NULL, NULL, NULL, NULL, NULL),
(150430116125, NULL, NULL, NULL, NULL, NULL, NULL, NULL),
(150430116126, NULL, NULL, NULL, NULL, NULL, NULL, NULL);

-- --------------------------------------------------------

--
-- Table structure for table `sem4_16`
--

CREATE TABLE `sem4_16` (
  `enrolment` bigint(20) NOT NULL,
  `year` int(11) DEFAULT NULL,
  `2140002_v` int(10) DEFAULT NULL,
  `2140702_m` int(10) DEFAULT NULL,
  `2140702_v` int(10) DEFAULT NULL,
  `2140705_m` int(10) DEFAULT NULL,
  `2140705_v` int(10) DEFAULT NULL,
  `2140706_m` int(10) DEFAULT NULL,
  `2140706_v` int(10) DEFAULT NULL,
  `2140707_m` int(10) DEFAULT NULL,
  `2140707_v` int(10) DEFAULT NULL,
  `2140709_m` int(10) DEFAULT NULL,
  `2140709_v` int(10) DEFAULT NULL
) ENGINE=InnoDB DEFAULT CHARSET=latin1;

--
-- Dumping data for table `sem4_16`
--

INSERT INTO `sem4_16` (`enrolment`, `year`, `2140002_v`, `2140702_m`, `2140702_v`, `2140705_m`, `2140705_v`, `2140706_m`, `2140706_v`, `2140707_m`, `2140707_v`, `2140709_m`, `2140709_v`) VALUES
(150430116001, NULL, NULL, NULL, NULL, NULL, NULL, NULL, NULL, NULL, NULL, NULL, NULL),
(150430116002, NULL, NULL, NULL, NULL, NULL, NULL, NULL, NULL, NULL, NULL, NULL, NULL),
(150430116003, NULL, NULL, NULL, NULL, NULL, NULL, NULL, NULL, NULL, NULL, NULL, NULL),
(150430116004, NULL, NULL, NULL, NULL, NULL, NULL, NULL, NULL, NULL, NULL, NULL, NULL),
(150430116005, NULL, NULL, NULL, NULL, NULL, NULL, NULL, NULL, NULL, NULL, NULL, NULL),
(150430116006, NULL, NULL, NULL, NULL, NULL, NULL, NULL, NULL, NULL, NULL, NULL, NULL),
(150430116007, NULL, NULL, NULL, NULL, NULL, NULL, NULL, NULL, NULL, NULL, NULL, NULL),
(150430116008, NULL, NULL, NULL, NULL, NULL, NULL, NULL, NULL, NULL, NULL, NULL, NULL),
(150430116009, NULL, NULL, NULL, NULL, NULL, NULL, NULL, NULL, NULL, NULL, NULL, NULL),
(150430116010, NULL, NULL, NULL, NULL, NULL, NULL, NULL, NULL, NULL, NULL, NULL, NULL),
(150430116011, NULL, NULL, NULL, NULL, NULL, NULL, NULL, NULL, NULL, NULL, NULL, NULL),
(150430116012, NULL, NULL, NULL, NULL, NULL, NULL, NULL, NULL, NULL, NULL, NULL, NULL),
(150430116013, NULL, NULL, NULL, NULL, NULL, NULL, NULL, NULL, NULL, NULL, NULL, NULL),
(150430116014, NULL, NULL, NULL, NULL, NULL, NULL, NULL, NULL, NULL, NULL, NULL, NULL),
(150430116015, NULL, NULL, NULL, NULL, NULL, NULL, NULL, NULL, NULL, NULL, NULL, NULL),
(150430116016, NULL, NULL, NULL, NULL, NULL, NULL, NULL, NULL, NULL, NULL, NULL, NULL),
(150430116017, NULL, NULL, NULL, NULL, NULL, NULL, NULL, NULL, NULL, NULL, NULL, NULL),
(150430116019, NULL, NULL, NULL, NULL, NULL, NULL, NULL, NULL, NULL, NULL, NULL, NULL),
(150430116020, NULL, NULL, NULL, NULL, NULL, NULL, NULL, NULL, NULL, NULL, NULL, NULL),
(150430116021, NULL, NULL, NULL, NULL, NULL, NULL, NULL, NULL, NULL, NULL, NULL, NULL),
(150430116022, NULL, NULL, NULL, NULL, NULL, NULL, NULL, NULL, NULL, NULL, NULL, NULL),
(150430116023, NULL, NULL, NULL, NULL, NULL, NULL, NULL, NULL, NULL, NULL, NULL, NULL),
(150430116024, NULL, NULL, NULL, NULL, NULL, NULL, NULL, NULL, NULL, NULL, NULL, NULL),
(150430116026, NULL, NULL, NULL, NULL, NULL, NULL, NULL, NULL, NULL, NULL, NULL, NULL),
(150430116027, NULL, NULL, NULL, NULL, NULL, NULL, NULL, NULL, NULL, NULL, NULL, NULL),
(150430116028, NULL, NULL, NULL, NULL, NULL, NULL, NULL, NULL, NULL, NULL, NULL, NULL),
(150430116029, NULL, NULL, NULL, NULL, NULL, NULL, NULL, NULL, NULL, NULL, NULL, NULL),
(150430116030, NULL, NULL, NULL, NULL, NULL, NULL, NULL, NULL, NULL, NULL, NULL, NULL),
(150430116031, NULL, NULL, NULL, NULL, NULL, NULL, NULL, NULL, NULL, NULL, NULL, NULL),
(150430116032, NULL, NULL, NULL, NULL, NULL, NULL, NULL, NULL, NULL, NULL, NULL, NULL),
(150430116033, NULL, NULL, NULL, NULL, NULL, NULL, NULL, NULL, NULL, NULL, NULL, NULL),
(150430116034, NULL, NULL, NULL, NULL, NULL, NULL, NULL, NULL, NULL, NULL, NULL, NULL),
(150430116035, NULL, NULL, NULL, NULL, NULL, NULL, NULL, NULL, NULL, NULL, NULL, NULL),
(150430116036, NULL, NULL, NULL, NULL, NULL, NULL, NULL, NULL, NULL, NULL, NULL, NULL),
(150430116038, NULL, NULL, NULL, NULL, NULL, NULL, NULL, NULL, NULL, NULL, NULL, NULL),
(150430116040, NULL, NULL, NULL, NULL, NULL, NULL, NULL, NULL, NULL, NULL, NULL, NULL),
(150430116041, NULL, NULL, NULL, NULL, NULL, NULL, NULL, NULL, NULL, NULL, NULL, NULL),
(150430116042, NULL, NULL, NULL, NULL, NULL, NULL, NULL, NULL, NULL, NULL, NULL, NULL),
(150430116043, NULL, NULL, NULL, NULL, NULL, NULL, NULL, NULL, NULL, NULL, NULL, NULL),
(150430116044, NULL, NULL, NULL, NULL, NULL, NULL, NULL, NULL, NULL, NULL, NULL, NULL),
(150430116045, NULL, NULL, NULL, NULL, NULL, NULL, NULL, NULL, NULL, NULL, NULL, NULL),
(150430116046, NULL, NULL, NULL, NULL, NULL, NULL, NULL, NULL, NULL, NULL, NULL, NULL),
(150430116047, NULL, NULL, NULL, NULL, NULL, NULL, NULL, NULL, NULL, NULL, NULL, NULL),
(150430116048, NULL, NULL, NULL, NULL, NULL, NULL, NULL, NULL, NULL, NULL, NULL, NULL),
(150430116049, NULL, NULL, NULL, NULL, NULL, NULL, NULL, NULL, NULL, NULL, NULL, NULL),
(150430116050, NULL, NULL, NULL, NULL, NULL, NULL, NULL, NULL, NULL, NULL, NULL, NULL),
(150430116051, NULL, NULL, NULL, NULL, NULL, NULL, NULL, NULL, NULL, NULL, NULL, NULL),
(150430116052, NULL, NULL, NULL, NULL, NULL, NULL, NULL, NULL, NULL, NULL, NULL, NULL),
(150430116053, NULL, NULL, NULL, NULL, NULL, NULL, NULL, NULL, NULL, NULL, NULL, NULL),
(150430116054, NULL, NULL, NULL, NULL, NULL, NULL, NULL, NULL, NULL, NULL, NULL, NULL),
(150430116055, NULL, NULL, NULL, NULL, NULL, NULL, NULL, NULL, NULL, NULL, NULL, NULL),
(150430116056, NULL, NULL, NULL, NULL, NULL, NULL, NULL, NULL, NULL, NULL, NULL, NULL),
(150430116057, NULL, NULL, NULL, NULL, NULL, NULL, NULL, NULL, NULL, NULL, NULL, NULL),
(150430116058, NULL, NULL, NULL, NULL, NULL, NULL, NULL, NULL, NULL, NULL, NULL, NULL),
(150430116059, NULL, NULL, NULL, NULL, NULL, NULL, NULL, NULL, NULL, NULL, NULL, NULL),
(150430116060, NULL, NULL, NULL, NULL, NULL, NULL, NULL, NULL, NULL, NULL, NULL, NULL),
(150430116061, NULL, NULL, NULL, NULL, NULL, NULL, NULL, NULL, NULL, NULL, NULL, NULL),
(150430116062, NULL, NULL, NULL, NULL, NULL, NULL, NULL, NULL, NULL, NULL, NULL, NULL),
(150430116063, NULL, NULL, NULL, NULL, NULL, NULL, NULL, NULL, NULL, NULL, NULL, NULL),
(150430116064, NULL, NULL, NULL, NULL, NULL, NULL, NULL, NULL, NULL, NULL, NULL, NULL),
(150430116065, NULL, NULL, NULL, NULL, NULL, NULL, NULL, NULL, NULL, NULL, NULL, NULL),
(150430116066, NULL, NULL, NULL, NULL, NULL, NULL, NULL, NULL, NULL, NULL, NULL, NULL),
(150430116068, NULL, NULL, NULL, NULL, NULL, NULL, NULL, NULL, NULL, NULL, NULL, NULL),
(150430116069, NULL, NULL, NULL, NULL, NULL, NULL, NULL, NULL, NULL, NULL, NULL, NULL),
(150430116070, NULL, NULL, NULL, NULL, NULL, NULL, NULL, NULL, NULL, NULL, NULL, NULL),
(150430116071, NULL, NULL, NULL, NULL, NULL, NULL, NULL, NULL, NULL, NULL, NULL, NULL),
(150430116073, NULL, NULL, NULL, NULL, NULL, NULL, NULL, NULL, NULL, NULL, NULL, NULL),
(150430116074, NULL, NULL, NULL, NULL, NULL, NULL, NULL, NULL, NULL, NULL, NULL, NULL),
(150430116075, NULL, NULL, NULL, NULL, NULL, NULL, NULL, NULL, NULL, NULL, NULL, NULL),
(150430116076, NULL, NULL, NULL, NULL, NULL, NULL, NULL, NULL, NULL, NULL, NULL, NULL),
(150430116077, NULL, NULL, NULL, NULL, NULL, NULL, NULL, NULL, NULL, NULL, NULL, NULL),
(150430116078, NULL, NULL, NULL, NULL, NULL, NULL, NULL, NULL, NULL, NULL, NULL, NULL),
(150430116079, NULL, NULL, NULL, NULL, NULL, NULL, NULL, NULL, NULL, NULL, NULL, NULL),
(150430116080, NULL, NULL, NULL, NULL, NULL, NULL, NULL, NULL, NULL, NULL, NULL, NULL),
(150430116081, NULL, NULL, NULL, NULL, NULL, NULL, NULL, NULL, NULL, NULL, NULL, NULL),
(150430116082, NULL, NULL, NULL, NULL, NULL, NULL, NULL, NULL, NULL, NULL, NULL, NULL),
(150430116083, NULL, NULL, NULL, NULL, NULL, NULL, NULL, NULL, NULL, NULL, NULL, NULL),
(150430116084, NULL, NULL, NULL, NULL, NULL, NULL, NULL, NULL, NULL, NULL, NULL, NULL),
(150430116085, NULL, NULL, NULL, NULL, NULL, NULL, NULL, NULL, NULL, NULL, NULL, NULL),
(150430116086, NULL, NULL, NULL, NULL, NULL, NULL, NULL, NULL, NULL, NULL, NULL, NULL),
(150430116087, NULL, NULL, NULL, NULL, NULL, NULL, NULL, NULL, NULL, NULL, NULL, NULL),
(150430116088, NULL, NULL, NULL, NULL, NULL, NULL, NULL, NULL, NULL, NULL, NULL, NULL),
(150430116089, NULL, NULL, NULL, NULL, NULL, NULL, NULL, NULL, NULL, NULL, NULL, NULL),
(150430116090, NULL, NULL, NULL, NULL, NULL, NULL, NULL, NULL, NULL, NULL, NULL, NULL),
(150430116093, NULL, NULL, NULL, NULL, NULL, NULL, NULL, NULL, NULL, NULL, NULL, NULL),
(150430116094, NULL, NULL, NULL, NULL, NULL, NULL, NULL, NULL, NULL, NULL, NULL, NULL),
(150430116095, NULL, NULL, NULL, NULL, NULL, NULL, NULL, NULL, NULL, NULL, NULL, NULL),
(150430116096, NULL, NULL, NULL, NULL, NULL, NULL, NULL, NULL, NULL, NULL, NULL, NULL),
(150430116097, NULL, NULL, NULL, NULL, NULL, NULL, NULL, NULL, NULL, NULL, NULL, NULL),
(150430116098, NULL, NULL, NULL, NULL, NULL, NULL, NULL, NULL, NULL, NULL, NULL, NULL),
(150430116099, NULL, NULL, NULL, NULL, NULL, NULL, NULL, NULL, NULL, NULL, NULL, NULL),
(150430116100, NULL, NULL, NULL, NULL, NULL, NULL, NULL, NULL, NULL, NULL, NULL, NULL),
(150430116101, NULL, NULL, NULL, NULL, NULL, NULL, NULL, NULL, NULL, NULL, NULL, NULL),
(150430116103, NULL, NULL, NULL, NULL, NULL, NULL, NULL, NULL, NULL, NULL, NULL, NULL),
(150430116104, NULL, NULL, NULL, NULL, NULL, NULL, NULL, NULL, NULL, NULL, NULL, NULL),
(150430116106, NULL, NULL, NULL, NULL, NULL, NULL, NULL, NULL, NULL, NULL, NULL, NULL),
(150430116107, NULL, NULL, NULL, NULL, NULL, NULL, NULL, NULL, NULL, NULL, NULL, NULL),
(150430116108, NULL, NULL, NULL, NULL, NULL, NULL, NULL, NULL, NULL, NULL, NULL, NULL),
(150430116109, NULL, NULL, NULL, NULL, NULL, NULL, NULL, NULL, NULL, NULL, NULL, NULL),
(150430116110, NULL, NULL, NULL, NULL, NULL, NULL, NULL, NULL, NULL, NULL, NULL, NULL),
(150430116111, NULL, NULL, NULL, NULL, NULL, NULL, NULL, NULL, NULL, NULL, NULL, NULL),
(150430116113, NULL, NULL, NULL, NULL, NULL, NULL, NULL, NULL, NULL, NULL, NULL, NULL),
(150430116115, NULL, NULL, NULL, NULL, NULL, NULL, NULL, NULL, NULL, NULL, NULL, NULL),
(150430116116, NULL, NULL, NULL, NULL, NULL, NULL, NULL, NULL, NULL, NULL, NULL, NULL),
(150430116117, NULL, NULL, NULL, NULL, NULL, NULL, NULL, NULL, NULL, NULL, NULL, NULL),
(150430116118, NULL, NULL, NULL, NULL, NULL, NULL, NULL, NULL, NULL, NULL, NULL, NULL),
(150430116119, NULL, NULL, NULL, NULL, NULL, NULL, NULL, NULL, NULL, NULL, NULL, NULL),
(150430116120, NULL, NULL, NULL, NULL, NULL, NULL, NULL, NULL, NULL, NULL, NULL, NULL),
(150430116121, NULL, NULL, NULL, NULL, NULL, NULL, NULL, NULL, NULL, NULL, NULL, NULL),
(150430116122, NULL, NULL, NULL, NULL, NULL, NULL, NULL, NULL, NULL, NULL, NULL, NULL),
(150430116123, NULL, NULL, NULL, NULL, NULL, NULL, NULL, NULL, NULL, NULL, NULL, NULL),
(150430116124, NULL, NULL, NULL, NULL, NULL, NULL, NULL, NULL, NULL, NULL, NULL, NULL),
(150430116125, NULL, NULL, NULL, NULL, NULL, NULL, NULL, NULL, NULL, NULL, NULL, NULL),
(150430116126, NULL, NULL, NULL, NULL, NULL, NULL, NULL, NULL, NULL, NULL, NULL, NULL);

-- --------------------------------------------------------

--
-- Table structure for table `sem4_16_r`
--

CREATE TABLE `sem4_16_r` (
  `enrolment` bigint(20) NOT NULL,
  `year` int(11) DEFAULT NULL,
  `2140702_r` int(10) DEFAULT NULL,
  `2140705_r` int(10) DEFAULT NULL,
  `2140706_r` int(10) DEFAULT NULL,
  `2140707_r` int(10) DEFAULT NULL,
  `2140709_r` int(10) DEFAULT NULL
) ENGINE=InnoDB DEFAULT CHARSET=latin1;

--
-- Dumping data for table `sem4_16_r`
--

INSERT INTO `sem4_16_r` (`enrolment`, `year`, `2140702_r`, `2140705_r`, `2140706_r`, `2140707_r`, `2140709_r`) VALUES
(150430116001, NULL, NULL, NULL, NULL, NULL, NULL),
(150430116002, NULL, NULL, NULL, NULL, NULL, NULL),
(150430116003, NULL, NULL, NULL, NULL, NULL, NULL),
(150430116004, NULL, NULL, NULL, NULL, NULL, NULL),
(150430116005, NULL, NULL, NULL, NULL, NULL, NULL),
(150430116006, NULL, NULL, NULL, NULL, NULL, NULL),
(150430116007, NULL, NULL, NULL, NULL, NULL, NULL),
(150430116008, NULL, NULL, NULL, NULL, NULL, NULL),
(150430116009, NULL, NULL, NULL, NULL, NULL, NULL),
(150430116010, NULL, NULL, NULL, NULL, NULL, NULL),
(150430116011, NULL, NULL, NULL, NULL, NULL, NULL),
(150430116012, NULL, NULL, NULL, NULL, NULL, NULL),
(150430116013, NULL, NULL, NULL, NULL, NULL, NULL),
(150430116014, NULL, NULL, NULL, NULL, NULL, NULL),
(150430116015, NULL, NULL, NULL, NULL, NULL, NULL),
(150430116016, NULL, NULL, NULL, NULL, NULL, NULL),
(150430116017, NULL, NULL, NULL, NULL, NULL, NULL),
(150430116019, NULL, NULL, NULL, NULL, NULL, NULL),
(150430116020, NULL, NULL, NULL, NULL, NULL, NULL),
(150430116021, NULL, NULL, NULL, NULL, NULL, NULL),
(150430116022, NULL, NULL, NULL, NULL, NULL, NULL),
(150430116023, NULL, NULL, NULL, NULL, NULL, NULL),
(150430116024, NULL, NULL, NULL, NULL, NULL, NULL),
(150430116026, NULL, NULL, NULL, NULL, NULL, NULL),
(150430116027, NULL, NULL, NULL, NULL, NULL, NULL),
(150430116028, NULL, NULL, NULL, NULL, NULL, NULL),
(150430116029, NULL, NULL, NULL, NULL, NULL, NULL),
(150430116030, NULL, NULL, NULL, NULL, NULL, NULL),
(150430116031, NULL, NULL, NULL, NULL, NULL, NULL),
(150430116032, NULL, NULL, NULL, NULL, NULL, NULL),
(150430116033, NULL, NULL, NULL, NULL, NULL, NULL),
(150430116034, NULL, NULL, NULL, NULL, NULL, NULL),
(150430116035, NULL, NULL, NULL, NULL, NULL, NULL),
(150430116036, NULL, NULL, NULL, NULL, NULL, NULL),
(150430116038, NULL, NULL, NULL, NULL, NULL, NULL),
(150430116040, NULL, NULL, NULL, NULL, NULL, NULL),
(150430116041, NULL, NULL, NULL, NULL, NULL, NULL),
(150430116042, NULL, NULL, NULL, NULL, NULL, NULL),
(150430116043, NULL, NULL, NULL, NULL, NULL, NULL),
(150430116044, NULL, NULL, NULL, NULL, NULL, NULL),
(150430116045, NULL, NULL, NULL, NULL, NULL, NULL),
(150430116046, NULL, NULL, NULL, NULL, NULL, NULL),
(150430116047, NULL, NULL, NULL, NULL, NULL, NULL),
(150430116048, NULL, NULL, NULL, NULL, NULL, NULL),
(150430116049, NULL, NULL, NULL, NULL, NULL, NULL),
(150430116050, NULL, NULL, NULL, NULL, NULL, NULL),
(150430116051, NULL, NULL, NULL, NULL, NULL, NULL),
(150430116052, NULL, NULL, NULL, NULL, NULL, NULL),
(150430116053, NULL, NULL, NULL, NULL, NULL, NULL),
(150430116054, NULL, NULL, NULL, NULL, NULL, NULL),
(150430116055, NULL, NULL, NULL, NULL, NULL, NULL),
(150430116056, NULL, NULL, NULL, NULL, NULL, NULL),
(150430116057, NULL, NULL, NULL, NULL, NULL, NULL),
(150430116058, NULL, NULL, NULL, NULL, NULL, NULL),
(150430116059, NULL, NULL, NULL, NULL, NULL, NULL),
(150430116060, NULL, NULL, NULL, NULL, NULL, NULL),
(150430116061, NULL, NULL, NULL, NULL, NULL, NULL),
(150430116062, NULL, NULL, NULL, NULL, NULL, NULL),
(150430116063, NULL, NULL, NULL, NULL, NULL, NULL),
(150430116064, NULL, NULL, NULL, NULL, NULL, NULL),
(150430116065, NULL, NULL, NULL, NULL, NULL, NULL),
(150430116066, NULL, NULL, NULL, NULL, NULL, NULL),
(150430116068, NULL, NULL, NULL, NULL, NULL, NULL),
(150430116069, NULL, NULL, NULL, NULL, NULL, NULL),
(150430116070, NULL, NULL, NULL, NULL, NULL, NULL),
(150430116071, NULL, NULL, NULL, NULL, NULL, NULL),
(150430116073, NULL, NULL, NULL, NULL, NULL, NULL),
(150430116074, NULL, NULL, NULL, NULL, NULL, NULL),
(150430116075, NULL, NULL, NULL, NULL, NULL, NULL),
(150430116076, NULL, NULL, NULL, NULL, NULL, NULL),
(150430116077, NULL, NULL, NULL, NULL, NULL, NULL),
(150430116078, NULL, NULL, NULL, NULL, NULL, NULL),
(150430116079, NULL, NULL, NULL, NULL, NULL, NULL),
(150430116080, NULL, NULL, NULL, NULL, NULL, NULL),
(150430116081, NULL, NULL, NULL, NULL, NULL, NULL),
(150430116082, NULL, NULL, NULL, NULL, NULL, NULL),
(150430116083, NULL, NULL, NULL, NULL, NULL, NULL),
(150430116084, NULL, NULL, NULL, NULL, NULL, NULL),
(150430116085, NULL, NULL, NULL, NULL, NULL, NULL),
(150430116086, NULL, NULL, NULL, NULL, NULL, NULL),
(150430116087, NULL, NULL, NULL, NULL, NULL, NULL),
(150430116088, NULL, NULL, NULL, NULL, NULL, NULL),
(150430116089, NULL, NULL, NULL, NULL, NULL, NULL),
(150430116090, NULL, NULL, NULL, NULL, NULL, NULL),
(150430116093, NULL, NULL, NULL, NULL, NULL, NULL),
(150430116094, NULL, NULL, NULL, NULL, NULL, NULL),
(150430116095, NULL, NULL, NULL, NULL, NULL, NULL),
(150430116096, NULL, NULL, NULL, NULL, NULL, NULL),
(150430116097, NULL, NULL, NULL, NULL, NULL, NULL),
(150430116098, NULL, NULL, NULL, NULL, NULL, NULL),
(150430116099, NULL, NULL, NULL, NULL, NULL, NULL),
(150430116100, NULL, NULL, NULL, NULL, NULL, NULL),
(150430116101, NULL, NULL, NULL, NULL, NULL, NULL),
(150430116103, NULL, NULL, NULL, NULL, NULL, NULL),
(150430116104, NULL, NULL, NULL, NULL, NULL, NULL),
(150430116106, NULL, NULL, NULL, NULL, NULL, NULL),
(150430116107, NULL, NULL, NULL, NULL, NULL, NULL),
(150430116108, NULL, NULL, NULL, NULL, NULL, NULL),
(150430116109, NULL, NULL, NULL, NULL, NULL, NULL),
(150430116110, NULL, NULL, NULL, NULL, NULL, NULL),
(150430116111, NULL, NULL, NULL, NULL, NULL, NULL),
(150430116113, NULL, NULL, NULL, NULL, NULL, NULL),
(150430116115, NULL, NULL, NULL, NULL, NULL, NULL),
(150430116116, NULL, NULL, NULL, NULL, NULL, NULL),
(150430116117, NULL, NULL, NULL, NULL, NULL, NULL),
(150430116118, NULL, NULL, NULL, NULL, NULL, NULL),
(150430116119, NULL, NULL, NULL, NULL, NULL, NULL),
(150430116120, NULL, NULL, NULL, NULL, NULL, NULL),
(150430116121, NULL, NULL, NULL, NULL, NULL, NULL),
(150430116122, NULL, NULL, NULL, NULL, NULL, NULL),
(150430116123, NULL, NULL, NULL, NULL, NULL, NULL),
(150430116124, NULL, NULL, NULL, NULL, NULL, NULL),
(150430116125, NULL, NULL, NULL, NULL, NULL, NULL),
(150430116126, NULL, NULL, NULL, NULL, NULL, NULL);

-- --------------------------------------------------------

--
-- Table structure for table `sem5_16`
--

CREATE TABLE `sem5_16` (
  `enrolment` bigint(20) NOT NULL,
  `year` int(11) DEFAULT NULL,
  `2150001_v` int(10) DEFAULT NULL,
  `2150002_v` int(10) DEFAULT NULL,
  `2150703_m` int(10) DEFAULT NULL,
  `2150703_v` int(10) DEFAULT NULL,
  `2150704_m` int(10) DEFAULT NULL,
  `2150704_v` int(10) DEFAULT NULL,
  `2150708_m` int(10) DEFAULT NULL,
  `2150708_v` int(10) DEFAULT NULL,
  `2151603_m` int(10) DEFAULT NULL,
  `2151603_v` int(10) DEFAULT NULL
) ENGINE=InnoDB DEFAULT CHARSET=latin1;

--
-- Dumping data for table `sem5_16`
--

INSERT INTO `sem5_16` (`enrolment`, `year`, `2150001_v`, `2150002_v`, `2150703_m`, `2150703_v`, `2150704_m`, `2150704_v`, `2150708_m`, `2150708_v`, `2151603_m`, `2151603_v`) VALUES
(150430116001, NULL, NULL, NULL, NULL, NULL, NULL, NULL, NULL, NULL, NULL, NULL),
(150430116002, NULL, NULL, NULL, NULL, NULL, NULL, NULL, NULL, NULL, NULL, NULL),
(150430116003, NULL, NULL, NULL, NULL, NULL, NULL, NULL, NULL, NULL, NULL, NULL),
(150430116004, NULL, NULL, NULL, NULL, NULL, NULL, NULL, NULL, NULL, NULL, NULL),
(150430116005, NULL, NULL, NULL, NULL, NULL, NULL, NULL, NULL, NULL, NULL, NULL),
(150430116006, NULL, NULL, NULL, NULL, NULL, NULL, NULL, NULL, NULL, NULL, NULL),
(150430116007, NULL, NULL, NULL, NULL, NULL, NULL, NULL, NULL, NULL, NULL, NULL),
(150430116008, NULL, NULL, NULL, NULL, NULL, NULL, NULL, NULL, NULL, NULL, NULL),
(150430116009, NULL, NULL, NULL, NULL, NULL, NULL, NULL, NULL, NULL, NULL, NULL),
(150430116010, NULL, NULL, NULL, NULL, NULL, NULL, NULL, NULL, NULL, NULL, NULL),
(150430116011, NULL, NULL, NULL, NULL, NULL, NULL, NULL, NULL, NULL, NULL, NULL),
(150430116012, NULL, NULL, NULL, NULL, NULL, NULL, NULL, NULL, NULL, NULL, NULL),
(150430116013, NULL, NULL, NULL, NULL, NULL, NULL, NULL, NULL, NULL, NULL, NULL),
(150430116014, NULL, NULL, NULL, NULL, NULL, NULL, NULL, NULL, NULL, NULL, NULL),
(150430116015, NULL, NULL, NULL, NULL, NULL, NULL, NULL, NULL, NULL, NULL, NULL),
(150430116016, NULL, NULL, NULL, NULL, NULL, NULL, NULL, NULL, NULL, NULL, NULL),
(150430116017, NULL, NULL, NULL, NULL, NULL, NULL, NULL, NULL, NULL, NULL, NULL),
(150430116019, NULL, NULL, NULL, NULL, NULL, NULL, NULL, NULL, NULL, NULL, NULL),
(150430116020, NULL, NULL, NULL, NULL, NULL, NULL, NULL, NULL, NULL, NULL, NULL),
(150430116021, NULL, NULL, NULL, NULL, NULL, NULL, NULL, NULL, NULL, NULL, NULL),
(150430116022, NULL, NULL, NULL, NULL, NULL, NULL, NULL, NULL, NULL, NULL, NULL),
(150430116023, NULL, NULL, NULL, NULL, NULL, NULL, NULL, NULL, NULL, NULL, NULL),
(150430116024, NULL, NULL, NULL, NULL, NULL, NULL, NULL, NULL, NULL, NULL, NULL),
(150430116026, NULL, NULL, NULL, NULL, NULL, NULL, NULL, NULL, NULL, NULL, NULL),
(150430116027, NULL, NULL, NULL, NULL, NULL, NULL, NULL, NULL, NULL, NULL, NULL),
(150430116028, NULL, NULL, NULL, NULL, NULL, NULL, NULL, NULL, NULL, NULL, NULL),
(150430116029, NULL, NULL, NULL, NULL, NULL, NULL, NULL, NULL, NULL, NULL, NULL),
(150430116030, NULL, NULL, NULL, NULL, NULL, NULL, NULL, NULL, NULL, NULL, NULL),
(150430116031, NULL, NULL, NULL, NULL, NULL, NULL, NULL, NULL, NULL, NULL, NULL),
(150430116032, NULL, NULL, NULL, NULL, NULL, NULL, NULL, NULL, NULL, NULL, NULL),
(150430116033, NULL, NULL, NULL, NULL, NULL, NULL, NULL, NULL, NULL, NULL, NULL),
(150430116034, NULL, NULL, NULL, NULL, NULL, NULL, NULL, NULL, NULL, NULL, NULL),
(150430116035, NULL, NULL, NULL, NULL, NULL, NULL, NULL, NULL, NULL, NULL, NULL),
(150430116036, NULL, NULL, NULL, NULL, NULL, NULL, NULL, NULL, NULL, NULL, NULL),
(150430116038, NULL, NULL, NULL, NULL, NULL, NULL, NULL, NULL, NULL, NULL, NULL),
(150430116040, NULL, NULL, NULL, NULL, NULL, NULL, NULL, NULL, NULL, NULL, NULL),
(150430116041, NULL, NULL, NULL, NULL, NULL, NULL, NULL, NULL, NULL, NULL, NULL),
(150430116042, NULL, NULL, NULL, NULL, NULL, NULL, NULL, NULL, NULL, NULL, NULL),
(150430116043, NULL, NULL, NULL, NULL, NULL, NULL, NULL, NULL, NULL, NULL, NULL),
(150430116044, NULL, NULL, NULL, NULL, NULL, NULL, NULL, NULL, NULL, NULL, NULL),
(150430116045, NULL, NULL, NULL, NULL, NULL, NULL, NULL, NULL, NULL, NULL, NULL),
(150430116046, NULL, NULL, NULL, NULL, NULL, NULL, NULL, NULL, NULL, NULL, NULL),
(150430116047, NULL, NULL, NULL, NULL, NULL, NULL, NULL, NULL, NULL, NULL, NULL),
(150430116048, NULL, NULL, NULL, NULL, NULL, NULL, NULL, NULL, NULL, NULL, NULL),
(150430116049, NULL, NULL, NULL, NULL, NULL, NULL, NULL, NULL, NULL, NULL, NULL),
(150430116050, NULL, NULL, NULL, NULL, NULL, NULL, NULL, NULL, NULL, NULL, NULL),
(150430116051, NULL, NULL, NULL, NULL, NULL, NULL, NULL, NULL, NULL, NULL, NULL),
(150430116052, NULL, NULL, NULL, NULL, NULL, NULL, NULL, NULL, NULL, NULL, NULL),
(150430116053, NULL, NULL, NULL, NULL, NULL, NULL, NULL, NULL, NULL, NULL, NULL),
(150430116054, NULL, NULL, NULL, NULL, NULL, NULL, NULL, NULL, NULL, NULL, NULL),
(150430116055, NULL, NULL, NULL, NULL, NULL, NULL, NULL, NULL, NULL, NULL, NULL),
(150430116056, NULL, NULL, NULL, NULL, NULL, NULL, NULL, NULL, NULL, NULL, NULL),
(150430116057, NULL, NULL, NULL, NULL, NULL, NULL, NULL, NULL, NULL, NULL, NULL),
(150430116058, NULL, NULL, NULL, NULL, NULL, NULL, NULL, NULL, NULL, NULL, NULL),
(150430116059, NULL, NULL, NULL, NULL, NULL, NULL, NULL, NULL, NULL, NULL, NULL),
(150430116060, NULL, NULL, NULL, NULL, NULL, NULL, NULL, NULL, NULL, NULL, NULL),
(150430116061, NULL, NULL, NULL, NULL, NULL, NULL, NULL, NULL, NULL, NULL, NULL),
(150430116062, NULL, NULL, NULL, NULL, NULL, NULL, NULL, NULL, NULL, NULL, NULL),
(150430116063, NULL, NULL, NULL, NULL, NULL, NULL, NULL, NULL, NULL, NULL, NULL),
(150430116064, NULL, NULL, NULL, NULL, NULL, NULL, NULL, NULL, NULL, NULL, NULL),
(150430116065, NULL, NULL, NULL, NULL, NULL, NULL, NULL, NULL, NULL, NULL, NULL),
(150430116066, NULL, NULL, NULL, NULL, NULL, NULL, NULL, NULL, NULL, NULL, NULL),
(150430116068, NULL, NULL, NULL, NULL, NULL, NULL, NULL, NULL, NULL, NULL, NULL),
(150430116069, NULL, NULL, NULL, NULL, NULL, NULL, NULL, NULL, NULL, NULL, NULL),
(150430116070, NULL, NULL, NULL, NULL, NULL, NULL, NULL, NULL, NULL, NULL, NULL),
(150430116071, NULL, NULL, NULL, NULL, NULL, NULL, NULL, NULL, NULL, NULL, NULL),
(150430116073, NULL, NULL, NULL, NULL, NULL, NULL, NULL, NULL, NULL, NULL, NULL),
(150430116074, NULL, NULL, NULL, NULL, NULL, NULL, NULL, NULL, NULL, NULL, NULL),
(150430116075, NULL, NULL, NULL, NULL, NULL, NULL, NULL, NULL, NULL, NULL, NULL),
(150430116076, NULL, NULL, NULL, NULL, NULL, NULL, NULL, NULL, NULL, NULL, NULL),
(150430116077, NULL, NULL, NULL, NULL, NULL, NULL, NULL, NULL, NULL, NULL, NULL),
(150430116078, NULL, NULL, NULL, NULL, NULL, NULL, NULL, NULL, NULL, NULL, NULL),
(150430116079, NULL, NULL, NULL, NULL, NULL, NULL, NULL, NULL, NULL, NULL, NULL),
(150430116080, NULL, NULL, NULL, NULL, NULL, NULL, NULL, NULL, NULL, NULL, NULL),
(150430116081, NULL, NULL, NULL, NULL, NULL, NULL, NULL, NULL, NULL, NULL, NULL),
(150430116082, NULL, NULL, NULL, NULL, NULL, NULL, NULL, NULL, NULL, NULL, NULL),
(150430116083, NULL, NULL, NULL, NULL, NULL, NULL, NULL, NULL, NULL, NULL, NULL),
(150430116084, NULL, NULL, NULL, NULL, NULL, NULL, NULL, NULL, NULL, NULL, NULL),
(150430116085, NULL, NULL, NULL, NULL, NULL, NULL, NULL, NULL, NULL, NULL, NULL),
(150430116086, NULL, NULL, NULL, NULL, NULL, NULL, NULL, NULL, NULL, NULL, NULL),
(150430116087, NULL, NULL, NULL, NULL, NULL, NULL, NULL, NULL, NULL, NULL, NULL),
(150430116088, NULL, NULL, NULL, NULL, NULL, NULL, NULL, NULL, NULL, NULL, NULL),
(150430116089, NULL, NULL, NULL, NULL, NULL, NULL, NULL, NULL, NULL, NULL, NULL),
(150430116090, NULL, NULL, NULL, NULL, NULL, NULL, NULL, NULL, NULL, NULL, NULL),
(150430116093, NULL, NULL, NULL, NULL, NULL, NULL, NULL, NULL, NULL, NULL, NULL),
(150430116094, NULL, NULL, NULL, NULL, NULL, NULL, NULL, NULL, NULL, NULL, NULL),
(150430116095, NULL, NULL, NULL, NULL, NULL, NULL, NULL, NULL, NULL, NULL, NULL),
(150430116096, NULL, NULL, NULL, NULL, NULL, NULL, NULL, NULL, NULL, NULL, NULL),
(150430116097, NULL, NULL, NULL, NULL, NULL, NULL, NULL, NULL, NULL, NULL, NULL),
(150430116098, NULL, NULL, NULL, NULL, NULL, NULL, NULL, NULL, NULL, NULL, NULL),
(150430116099, NULL, NULL, NULL, NULL, NULL, NULL, NULL, NULL, NULL, NULL, NULL),
(150430116100, NULL, NULL, NULL, NULL, NULL, NULL, NULL, NULL, NULL, NULL, NULL),
(150430116101, NULL, NULL, NULL, NULL, NULL, NULL, NULL, NULL, NULL, NULL, NULL),
(150430116103, NULL, NULL, NULL, NULL, NULL, NULL, NULL, NULL, NULL, NULL, NULL),
(150430116104, NULL, NULL, NULL, NULL, NULL, NULL, NULL, NULL, NULL, NULL, NULL),
(150430116106, NULL, NULL, NULL, NULL, NULL, NULL, NULL, NULL, NULL, NULL, NULL),
(150430116107, NULL, NULL, NULL, NULL, NULL, NULL, NULL, NULL, NULL, NULL, NULL),
(150430116108, NULL, NULL, NULL, NULL, NULL, NULL, NULL, NULL, NULL, NULL, NULL),
(150430116109, NULL, NULL, NULL, NULL, NULL, NULL, NULL, NULL, NULL, NULL, NULL),
(150430116110, NULL, NULL, NULL, NULL, NULL, NULL, NULL, NULL, NULL, NULL, NULL),
(150430116111, NULL, NULL, NULL, NULL, NULL, NULL, NULL, NULL, NULL, NULL, NULL),
(150430116113, NULL, NULL, NULL, NULL, NULL, NULL, NULL, NULL, NULL, NULL, NULL),
(150430116115, NULL, NULL, NULL, NULL, NULL, NULL, NULL, NULL, NULL, NULL, NULL),
(150430116116, NULL, NULL, NULL, NULL, NULL, NULL, NULL, NULL, NULL, NULL, NULL),
(150430116117, NULL, NULL, NULL, NULL, NULL, NULL, NULL, NULL, NULL, NULL, NULL),
(150430116118, NULL, NULL, NULL, NULL, NULL, NULL, NULL, NULL, NULL, NULL, NULL),
(150430116119, NULL, NULL, NULL, NULL, NULL, NULL, NULL, NULL, NULL, NULL, NULL),
(150430116120, NULL, NULL, NULL, NULL, NULL, NULL, NULL, NULL, NULL, NULL, NULL),
(150430116121, NULL, NULL, NULL, NULL, NULL, NULL, NULL, NULL, NULL, NULL, NULL),
(150430116122, NULL, NULL, NULL, NULL, NULL, NULL, NULL, NULL, NULL, NULL, NULL),
(150430116123, NULL, NULL, NULL, NULL, NULL, NULL, NULL, NULL, NULL, NULL, NULL),
(150430116124, NULL, NULL, NULL, NULL, NULL, NULL, NULL, NULL, NULL, NULL, NULL),
(150430116125, NULL, NULL, NULL, NULL, NULL, NULL, NULL, NULL, NULL, NULL, NULL),
(150430116126, NULL, NULL, NULL, NULL, NULL, NULL, NULL, NULL, NULL, NULL, NULL);

-- --------------------------------------------------------

--
-- Table structure for table `sem5_16_r`
--

CREATE TABLE `sem5_16_r` (
  `enrolment` bigint(20) NOT NULL,
  `year` int(11) DEFAULT NULL,
  `2150703_r` int(10) DEFAULT NULL,
  `2150704_r` int(10) DEFAULT NULL,
  `2150708_r` int(10) DEFAULT NULL,
  `2151603_r` int(10) DEFAULT NULL
) ENGINE=InnoDB DEFAULT CHARSET=latin1;

--
-- Dumping data for table `sem5_16_r`
--

INSERT INTO `sem5_16_r` (`enrolment`, `year`, `2150703_r`, `2150704_r`, `2150708_r`, `2151603_r`) VALUES
(150430116001, NULL, NULL, NULL, NULL, NULL),
(150430116002, NULL, NULL, NULL, NULL, NULL),
(150430116003, NULL, NULL, NULL, NULL, NULL),
(150430116004, NULL, NULL, NULL, NULL, NULL),
(150430116005, NULL, NULL, NULL, NULL, NULL),
(150430116006, NULL, NULL, NULL, NULL, NULL),
(150430116007, NULL, NULL, NULL, NULL, NULL),
(150430116008, NULL, NULL, NULL, NULL, NULL),
(150430116009, NULL, NULL, NULL, NULL, NULL),
(150430116010, NULL, NULL, NULL, NULL, NULL),
(150430116011, NULL, NULL, NULL, NULL, NULL),
(150430116012, NULL, NULL, NULL, NULL, NULL),
(150430116013, NULL, NULL, NULL, NULL, NULL),
(150430116014, NULL, NULL, NULL, NULL, NULL),
(150430116015, NULL, NULL, NULL, NULL, NULL),
(150430116016, NULL, NULL, NULL, NULL, NULL),
(150430116017, NULL, NULL, NULL, NULL, NULL),
(150430116019, NULL, NULL, NULL, NULL, NULL),
(150430116020, NULL, NULL, NULL, NULL, NULL),
(150430116021, NULL, NULL, NULL, NULL, NULL),
(150430116022, NULL, NULL, NULL, NULL, NULL),
(150430116023, NULL, NULL, NULL, NULL, NULL),
(150430116024, NULL, NULL, NULL, NULL, NULL),
(150430116026, NULL, NULL, NULL, NULL, NULL),
(150430116027, NULL, NULL, NULL, NULL, NULL),
(150430116028, NULL, NULL, NULL, NULL, NULL),
(150430116029, NULL, NULL, NULL, NULL, NULL),
(150430116030, NULL, NULL, NULL, NULL, NULL),
(150430116031, NULL, NULL, NULL, NULL, NULL),
(150430116032, NULL, NULL, NULL, NULL, NULL),
(150430116033, NULL, NULL, NULL, NULL, NULL),
(150430116034, NULL, NULL, NULL, NULL, NULL),
(150430116035, NULL, NULL, NULL, NULL, NULL),
(150430116036, NULL, NULL, NULL, NULL, NULL),
(150430116038, NULL, NULL, NULL, NULL, NULL),
(150430116040, NULL, NULL, NULL, NULL, NULL),
(150430116041, NULL, NULL, NULL, NULL, NULL),
(150430116042, NULL, NULL, NULL, NULL, NULL),
(150430116043, NULL, NULL, NULL, NULL, NULL),
(150430116044, NULL, NULL, NULL, NULL, NULL),
(150430116045, NULL, NULL, NULL, NULL, NULL),
(150430116046, NULL, NULL, NULL, NULL, NULL),
(150430116047, NULL, NULL, NULL, NULL, NULL),
(150430116048, NULL, NULL, NULL, NULL, NULL),
(150430116049, NULL, NULL, NULL, NULL, NULL),
(150430116050, NULL, NULL, NULL, NULL, NULL),
(150430116051, NULL, NULL, NULL, NULL, NULL),
(150430116052, NULL, NULL, NULL, NULL, NULL),
(150430116053, NULL, NULL, NULL, NULL, NULL),
(150430116054, NULL, NULL, NULL, NULL, NULL),
(150430116055, NULL, NULL, NULL, NULL, NULL),
(150430116056, NULL, NULL, NULL, NULL, NULL),
(150430116057, NULL, NULL, NULL, NULL, NULL),
(150430116058, NULL, NULL, NULL, NULL, NULL),
(150430116059, NULL, NULL, NULL, NULL, NULL),
(150430116060, NULL, NULL, NULL, NULL, NULL),
(150430116061, NULL, NULL, NULL, NULL, NULL),
(150430116062, NULL, NULL, NULL, NULL, NULL),
(150430116063, NULL, NULL, NULL, NULL, NULL),
(150430116064, NULL, NULL, NULL, NULL, NULL),
(150430116065, NULL, NULL, NULL, NULL, NULL),
(150430116066, NULL, NULL, NULL, NULL, NULL),
(150430116068, NULL, NULL, NULL, NULL, NULL),
(150430116069, NULL, NULL, NULL, NULL, NULL),
(150430116070, NULL, NULL, NULL, NULL, NULL),
(150430116071, NULL, NULL, NULL, NULL, NULL),
(150430116073, NULL, NULL, NULL, NULL, NULL),
(150430116074, NULL, NULL, NULL, NULL, NULL),
(150430116075, NULL, NULL, NULL, NULL, NULL),
(150430116076, NULL, NULL, NULL, NULL, NULL),
(150430116077, NULL, NULL, NULL, NULL, NULL),
(150430116078, NULL, NULL, NULL, NULL, NULL),
(150430116079, NULL, NULL, NULL, NULL, NULL),
(150430116080, NULL, NULL, NULL, NULL, NULL),
(150430116081, NULL, NULL, NULL, NULL, NULL),
(150430116082, NULL, NULL, NULL, NULL, NULL),
(150430116083, NULL, NULL, NULL, NULL, NULL),
(150430116084, NULL, NULL, NULL, NULL, NULL),
(150430116085, NULL, NULL, NULL, NULL, NULL),
(150430116086, NULL, NULL, NULL, NULL, NULL),
(150430116087, NULL, NULL, NULL, NULL, NULL),
(150430116088, NULL, NULL, NULL, NULL, NULL),
(150430116089, NULL, NULL, NULL, NULL, NULL),
(150430116090, NULL, NULL, NULL, NULL, NULL),
(150430116093, NULL, NULL, NULL, NULL, NULL),
(150430116094, NULL, NULL, NULL, NULL, NULL),
(150430116095, NULL, NULL, NULL, NULL, NULL),
(150430116096, NULL, NULL, NULL, NULL, NULL),
(150430116097, NULL, NULL, NULL, NULL, NULL),
(150430116098, NULL, NULL, NULL, NULL, NULL),
(150430116099, NULL, NULL, NULL, NULL, NULL),
(150430116100, NULL, NULL, NULL, NULL, NULL),
(150430116101, NULL, NULL, NULL, NULL, NULL),
(150430116103, NULL, NULL, NULL, NULL, NULL),
(150430116104, NULL, NULL, NULL, NULL, NULL),
(150430116106, NULL, NULL, NULL, NULL, NULL),
(150430116107, NULL, NULL, NULL, NULL, NULL),
(150430116108, NULL, NULL, NULL, NULL, NULL),
(150430116109, NULL, NULL, NULL, NULL, NULL),
(150430116110, NULL, NULL, NULL, NULL, NULL),
(150430116111, NULL, NULL, NULL, NULL, NULL),
(150430116113, NULL, NULL, NULL, NULL, NULL),
(150430116115, NULL, NULL, NULL, NULL, NULL),
(150430116116, NULL, NULL, NULL, NULL, NULL),
(150430116117, NULL, NULL, NULL, NULL, NULL),
(150430116118, NULL, NULL, NULL, NULL, NULL),
(150430116119, NULL, NULL, NULL, NULL, NULL),
(150430116120, NULL, NULL, NULL, NULL, NULL),
(150430116121, NULL, NULL, NULL, NULL, NULL),
(150430116122, NULL, NULL, NULL, NULL, NULL),
(150430116123, NULL, NULL, NULL, NULL, NULL),
(150430116124, NULL, NULL, NULL, NULL, NULL),
(150430116125, NULL, NULL, NULL, NULL, NULL),
(150430116126, NULL, NULL, NULL, NULL, NULL);

-- --------------------------------------------------------

--
-- Table structure for table `sem6_16`
--

CREATE TABLE `sem6_16` (
  `enrolment` bigint(20) NOT NULL,
  `year` int(11) DEFAULT NULL,
  `2160001_v` int(10) DEFAULT NULL,
  `2160701_m` int(10) DEFAULT NULL,
  `2160701_v` int(10) DEFAULT NULL,
  `2160707_m` int(10) DEFAULT NULL,
  `2160707_v` int(10) DEFAULT NULL,
  `2160708_m` int(10) DEFAULT NULL,
  `2160708_v` int(10) DEFAULT NULL,
  `2160711_m` int(10) DEFAULT NULL,
  `2160711_v` int(10) DEFAULT NULL,
  `2161603_m` int(10) DEFAULT NULL,
  `2161603_v` int(10) DEFAULT NULL
) ENGINE=InnoDB DEFAULT CHARSET=latin1;

--
-- Dumping data for table `sem6_16`
--

INSERT INTO `sem6_16` (`enrolment`, `year`, `2160001_v`, `2160701_m`, `2160701_v`, `2160707_m`, `2160707_v`, `2160708_m`, `2160708_v`, `2160711_m`, `2160711_v`, `2161603_m`, `2161603_v`) VALUES
(150430116001, NULL, NULL, NULL, NULL, NULL, NULL, NULL, NULL, NULL, NULL, NULL, NULL),
(150430116002, NULL, NULL, NULL, NULL, NULL, NULL, NULL, NULL, NULL, NULL, NULL, NULL),
(150430116003, NULL, NULL, NULL, NULL, NULL, NULL, NULL, NULL, NULL, NULL, NULL, NULL),
(150430116004, NULL, NULL, NULL, NULL, NULL, NULL, NULL, NULL, NULL, NULL, NULL, NULL),
(150430116005, NULL, NULL, NULL, NULL, NULL, NULL, NULL, NULL, NULL, NULL, NULL, NULL),
(150430116006, NULL, NULL, NULL, NULL, NULL, NULL, NULL, NULL, NULL, NULL, NULL, NULL),
(150430116007, NULL, NULL, NULL, NULL, NULL, NULL, NULL, NULL, NULL, NULL, NULL, NULL),
(150430116008, NULL, NULL, NULL, NULL, NULL, NULL, NULL, NULL, NULL, NULL, NULL, NULL),
(150430116009, NULL, NULL, NULL, NULL, NULL, NULL, NULL, NULL, NULL, NULL, NULL, NULL),
(150430116010, NULL, NULL, NULL, NULL, NULL, NULL, NULL, NULL, NULL, NULL, NULL, NULL),
(150430116011, NULL, NULL, NULL, NULL, NULL, NULL, NULL, NULL, NULL, NULL, NULL, NULL),
(150430116012, NULL, NULL, NULL, NULL, NULL, NULL, NULL, NULL, NULL, NULL, NULL, NULL),
(150430116013, NULL, NULL, NULL, NULL, NULL, NULL, NULL, NULL, NULL, NULL, NULL, NULL),
(150430116014, NULL, NULL, NULL, NULL, NULL, NULL, NULL, NULL, NULL, NULL, NULL, NULL),
(150430116015, NULL, NULL, NULL, NULL, NULL, NULL, NULL, NULL, NULL, NULL, NULL, NULL),
(150430116016, NULL, NULL, NULL, NULL, NULL, NULL, NULL, NULL, NULL, NULL, NULL, NULL),
(150430116017, NULL, NULL, NULL, NULL, NULL, NULL, NULL, NULL, NULL, NULL, NULL, NULL),
(150430116019, NULL, NULL, NULL, NULL, NULL, NULL, NULL, NULL, NULL, NULL, NULL, NULL),
(150430116020, NULL, NULL, NULL, NULL, NULL, NULL, NULL, NULL, NULL, NULL, NULL, NULL),
(150430116021, NULL, NULL, NULL, NULL, NULL, NULL, NULL, NULL, NULL, NULL, NULL, NULL),
(150430116022, NULL, NULL, NULL, NULL, NULL, NULL, NULL, NULL, NULL, NULL, NULL, NULL),
(150430116023, NULL, NULL, NULL, NULL, NULL, NULL, NULL, NULL, NULL, NULL, NULL, NULL),
(150430116024, NULL, NULL, NULL, NULL, NULL, NULL, NULL, NULL, NULL, NULL, NULL, NULL),
(150430116026, NULL, NULL, NULL, NULL, NULL, NULL, NULL, NULL, NULL, NULL, NULL, NULL),
(150430116027, NULL, NULL, NULL, NULL, NULL, NULL, NULL, NULL, NULL, NULL, NULL, NULL),
(150430116028, NULL, NULL, NULL, NULL, NULL, NULL, NULL, NULL, NULL, NULL, NULL, NULL),
(150430116029, NULL, NULL, NULL, NULL, NULL, NULL, NULL, NULL, NULL, NULL, NULL, NULL),
(150430116030, NULL, NULL, NULL, NULL, NULL, NULL, NULL, NULL, NULL, NULL, NULL, NULL),
(150430116031, NULL, NULL, NULL, NULL, NULL, NULL, NULL, NULL, NULL, NULL, NULL, NULL),
(150430116032, NULL, NULL, NULL, NULL, NULL, NULL, NULL, NULL, NULL, NULL, NULL, NULL),
(150430116033, NULL, NULL, NULL, NULL, NULL, NULL, NULL, NULL, NULL, NULL, NULL, NULL),
(150430116034, NULL, NULL, NULL, NULL, NULL, NULL, NULL, NULL, NULL, NULL, NULL, NULL),
(150430116035, NULL, NULL, NULL, NULL, NULL, NULL, NULL, NULL, NULL, NULL, NULL, NULL),
(150430116036, NULL, NULL, NULL, NULL, NULL, NULL, NULL, NULL, NULL, NULL, NULL, NULL),
(150430116038, NULL, NULL, NULL, NULL, NULL, NULL, NULL, NULL, NULL, NULL, NULL, NULL),
(150430116040, NULL, NULL, NULL, NULL, NULL, NULL, NULL, NULL, NULL, NULL, NULL, NULL),
(150430116041, NULL, NULL, NULL, NULL, NULL, NULL, NULL, NULL, NULL, NULL, NULL, NULL),
(150430116042, NULL, NULL, NULL, NULL, NULL, NULL, NULL, NULL, NULL, NULL, NULL, NULL),
(150430116043, NULL, NULL, NULL, NULL, NULL, NULL, NULL, NULL, NULL, NULL, NULL, NULL),
(150430116044, NULL, NULL, NULL, NULL, NULL, NULL, NULL, NULL, NULL, NULL, NULL, NULL),
(150430116045, NULL, NULL, NULL, NULL, NULL, NULL, NULL, NULL, NULL, NULL, NULL, NULL),
(150430116046, NULL, NULL, NULL, NULL, NULL, NULL, NULL, NULL, NULL, NULL, NULL, NULL),
(150430116047, NULL, NULL, NULL, NULL, NULL, NULL, NULL, NULL, NULL, NULL, NULL, NULL),
(150430116048, NULL, NULL, NULL, NULL, NULL, NULL, NULL, NULL, NULL, NULL, NULL, NULL),
(150430116049, NULL, NULL, NULL, NULL, NULL, NULL, NULL, NULL, NULL, NULL, NULL, NULL),
(150430116050, NULL, NULL, NULL, NULL, NULL, NULL, NULL, NULL, NULL, NULL, NULL, NULL),
(150430116051, NULL, NULL, NULL, NULL, NULL, NULL, NULL, NULL, NULL, NULL, NULL, NULL),
(150430116052, NULL, NULL, NULL, NULL, NULL, NULL, NULL, NULL, NULL, NULL, NULL, NULL),
(150430116053, NULL, NULL, NULL, NULL, NULL, NULL, NULL, NULL, NULL, NULL, NULL, NULL),
(150430116054, NULL, NULL, NULL, NULL, NULL, NULL, NULL, NULL, NULL, NULL, NULL, NULL),
(150430116055, NULL, NULL, NULL, NULL, NULL, NULL, NULL, NULL, NULL, NULL, NULL, NULL),
(150430116056, NULL, NULL, NULL, NULL, NULL, NULL, NULL, NULL, NULL, NULL, NULL, NULL),
(150430116057, NULL, NULL, NULL, NULL, NULL, NULL, NULL, NULL, NULL, NULL, NULL, NULL),
(150430116058, NULL, NULL, NULL, NULL, NULL, NULL, NULL, NULL, NULL, NULL, NULL, NULL),
(150430116059, NULL, NULL, NULL, NULL, NULL, NULL, NULL, NULL, NULL, NULL, NULL, NULL),
(150430116060, NULL, NULL, NULL, NULL, NULL, NULL, NULL, NULL, NULL, NULL, NULL, NULL),
(150430116061, NULL, NULL, NULL, NULL, NULL, NULL, NULL, NULL, NULL, NULL, NULL, NULL),
(150430116062, NULL, NULL, NULL, NULL, NULL, NULL, NULL, NULL, NULL, NULL, NULL, NULL),
(150430116063, NULL, NULL, NULL, NULL, NULL, NULL, NULL, NULL, NULL, NULL, NULL, NULL),
(150430116064, NULL, NULL, NULL, NULL, NULL, NULL, NULL, NULL, NULL, NULL, NULL, NULL),
(150430116065, NULL, NULL, NULL, NULL, NULL, NULL, NULL, NULL, NULL, NULL, NULL, NULL),
(150430116066, NULL, NULL, NULL, NULL, NULL, NULL, NULL, NULL, NULL, NULL, NULL, NULL),
(150430116068, NULL, NULL, NULL, NULL, NULL, NULL, NULL, NULL, NULL, NULL, NULL, NULL),
(150430116069, NULL, NULL, NULL, NULL, NULL, NULL, NULL, NULL, NULL, NULL, NULL, NULL),
(150430116070, NULL, NULL, NULL, NULL, NULL, NULL, NULL, NULL, NULL, NULL, NULL, NULL),
(150430116071, NULL, NULL, NULL, NULL, NULL, NULL, NULL, NULL, NULL, NULL, NULL, NULL),
(150430116073, NULL, NULL, NULL, NULL, NULL, NULL, NULL, NULL, NULL, NULL, NULL, NULL),
(150430116074, NULL, NULL, NULL, NULL, NULL, NULL, NULL, NULL, NULL, NULL, NULL, NULL),
(150430116075, NULL, NULL, NULL, NULL, NULL, NULL, NULL, NULL, NULL, NULL, NULL, NULL),
(150430116076, NULL, NULL, NULL, NULL, NULL, NULL, NULL, NULL, NULL, NULL, NULL, NULL),
(150430116077, NULL, NULL, NULL, NULL, NULL, NULL, NULL, NULL, NULL, NULL, NULL, NULL),
(150430116078, NULL, NULL, NULL, NULL, NULL, NULL, NULL, NULL, NULL, NULL, NULL, NULL),
(150430116079, NULL, NULL, NULL, NULL, NULL, NULL, NULL, NULL, NULL, NULL, NULL, NULL),
(150430116080, NULL, NULL, NULL, NULL, NULL, NULL, NULL, NULL, NULL, NULL, NULL, NULL),
(150430116081, NULL, NULL, NULL, NULL, NULL, NULL, NULL, NULL, NULL, NULL, NULL, NULL),
(150430116082, NULL, NULL, NULL, NULL, NULL, NULL, NULL, NULL, NULL, NULL, NULL, NULL),
(150430116083, NULL, NULL, NULL, NULL, NULL, NULL, NULL, NULL, NULL, NULL, NULL, NULL),
(150430116084, NULL, NULL, NULL, NULL, NULL, NULL, NULL, NULL, NULL, NULL, NULL, NULL),
(150430116085, NULL, NULL, NULL, NULL, NULL, NULL, NULL, NULL, NULL, NULL, NULL, NULL),
(150430116086, NULL, NULL, NULL, NULL, NULL, NULL, NULL, NULL, NULL, NULL, NULL, NULL),
(150430116087, NULL, NULL, NULL, NULL, NULL, NULL, NULL, NULL, NULL, NULL, NULL, NULL),
(150430116088, NULL, NULL, NULL, NULL, NULL, NULL, NULL, NULL, NULL, NULL, NULL, NULL),
(150430116089, NULL, NULL, NULL, NULL, NULL, NULL, NULL, NULL, NULL, NULL, NULL, NULL),
(150430116090, NULL, NULL, NULL, NULL, NULL, NULL, NULL, NULL, NULL, NULL, NULL, NULL),
(150430116093, NULL, NULL, NULL, NULL, NULL, NULL, NULL, NULL, NULL, NULL, NULL, NULL),
(150430116094, NULL, NULL, NULL, NULL, NULL, NULL, NULL, NULL, NULL, NULL, NULL, NULL),
(150430116095, NULL, NULL, NULL, NULL, NULL, NULL, NULL, NULL, NULL, NULL, NULL, NULL),
(150430116096, NULL, NULL, NULL, NULL, NULL, NULL, NULL, NULL, NULL, NULL, NULL, NULL),
(150430116097, NULL, NULL, NULL, NULL, NULL, NULL, NULL, NULL, NULL, NULL, NULL, NULL),
(150430116098, NULL, NULL, NULL, NULL, NULL, NULL, NULL, NULL, NULL, NULL, NULL, NULL),
(150430116099, NULL, NULL, NULL, NULL, NULL, NULL, NULL, NULL, NULL, NULL, NULL, NULL),
(150430116100, NULL, NULL, NULL, NULL, NULL, NULL, NULL, NULL, NULL, NULL, NULL, NULL),
(150430116101, NULL, NULL, NULL, NULL, NULL, NULL, NULL, NULL, NULL, NULL, NULL, NULL),
(150430116103, NULL, NULL, NULL, NULL, NULL, NULL, NULL, NULL, NULL, NULL, NULL, NULL),
(150430116104, NULL, NULL, NULL, NULL, NULL, NULL, NULL, NULL, NULL, NULL, NULL, NULL),
(150430116106, NULL, NULL, NULL, NULL, NULL, NULL, NULL, NULL, NULL, NULL, NULL, NULL),
(150430116107, NULL, NULL, NULL, NULL, NULL, NULL, NULL, NULL, NULL, NULL, NULL, NULL),
(150430116108, NULL, NULL, NULL, NULL, NULL, NULL, NULL, NULL, NULL, NULL, NULL, NULL),
(150430116109, NULL, NULL, NULL, NULL, NULL, NULL, NULL, NULL, NULL, NULL, NULL, NULL),
(150430116110, NULL, NULL, NULL, NULL, NULL, NULL, NULL, NULL, NULL, NULL, NULL, NULL),
(150430116111, NULL, NULL, NULL, NULL, NULL, NULL, NULL, NULL, NULL, NULL, NULL, NULL),
(150430116113, NULL, NULL, NULL, NULL, NULL, NULL, NULL, NULL, NULL, NULL, NULL, NULL),
(150430116115, NULL, NULL, NULL, NULL, NULL, NULL, NULL, NULL, NULL, NULL, NULL, NULL),
(150430116116, NULL, NULL, NULL, NULL, NULL, NULL, NULL, NULL, NULL, NULL, NULL, NULL),
(150430116117, NULL, NULL, NULL, NULL, NULL, NULL, NULL, NULL, NULL, NULL, NULL, NULL),
(150430116118, NULL, NULL, NULL, NULL, NULL, NULL, NULL, NULL, NULL, NULL, NULL, NULL),
(150430116119, NULL, NULL, NULL, NULL, NULL, NULL, NULL, NULL, NULL, NULL, NULL, NULL),
(150430116120, NULL, NULL, NULL, NULL, NULL, NULL, NULL, NULL, NULL, NULL, NULL, NULL),
(150430116121, NULL, NULL, NULL, NULL, NULL, NULL, NULL, NULL, NULL, NULL, NULL, NULL),
(150430116122, NULL, NULL, NULL, NULL, NULL, NULL, NULL, NULL, NULL, NULL, NULL, NULL),
(150430116123, NULL, NULL, NULL, NULL, NULL, NULL, NULL, NULL, NULL, NULL, NULL, NULL),
(150430116124, NULL, NULL, NULL, NULL, NULL, NULL, NULL, NULL, NULL, NULL, NULL, NULL),
(150430116125, NULL, NULL, NULL, NULL, NULL, NULL, NULL, NULL, NULL, NULL, NULL, NULL),
(150430116126, NULL, NULL, NULL, NULL, NULL, NULL, NULL, NULL, NULL, NULL, NULL, NULL);

-- --------------------------------------------------------

--
-- Table structure for table `sem6_16_r`
--

CREATE TABLE `sem6_16_r` (
  `enrolment` bigint(20) NOT NULL,
  `year` int(11) DEFAULT NULL,
  `2160701_r` int(10) DEFAULT NULL,
  `2160707_r` int(10) DEFAULT NULL,
  `2160708_r` int(10) DEFAULT NULL,
  `2160711_r` int(10) DEFAULT NULL,
  `2161603_r` int(10) DEFAULT NULL
) ENGINE=InnoDB DEFAULT CHARSET=latin1;

--
-- Dumping data for table `sem6_16_r`
--

INSERT INTO `sem6_16_r` (`enrolment`, `year`, `2160701_r`, `2160707_r`, `2160708_r`, `2160711_r`, `2161603_r`) VALUES
(150430116001, NULL, NULL, NULL, NULL, NULL, NULL),
(150430116002, NULL, NULL, NULL, NULL, NULL, NULL),
(150430116003, NULL, NULL, NULL, NULL, NULL, NULL),
(150430116004, NULL, NULL, NULL, NULL, NULL, NULL),
(150430116005, NULL, NULL, NULL, NULL, NULL, NULL),
(150430116006, NULL, NULL, NULL, NULL, NULL, NULL),
(150430116007, NULL, NULL, NULL, NULL, NULL, NULL),
(150430116008, NULL, NULL, NULL, NULL, NULL, NULL),
(150430116009, NULL, NULL, NULL, NULL, NULL, NULL),
(150430116010, NULL, NULL, NULL, NULL, NULL, NULL),
(150430116011, NULL, NULL, NULL, NULL, NULL, NULL),
(150430116012, NULL, NULL, NULL, NULL, NULL, NULL),
(150430116013, NULL, NULL, NULL, NULL, NULL, NULL),
(150430116014, NULL, NULL, NULL, NULL, NULL, NULL),
(150430116015, NULL, NULL, NULL, NULL, NULL, NULL),
(150430116016, NULL, NULL, NULL, NULL, NULL, NULL),
(150430116017, NULL, NULL, NULL, NULL, NULL, NULL),
(150430116019, NULL, NULL, NULL, NULL, NULL, NULL),
(150430116020, NULL, NULL, NULL, NULL, NULL, NULL),
(150430116021, NULL, NULL, NULL, NULL, NULL, NULL),
(150430116022, NULL, NULL, NULL, NULL, NULL, NULL),
(150430116023, NULL, NULL, NULL, NULL, NULL, NULL),
(150430116024, NULL, NULL, NULL, NULL, NULL, NULL),
(150430116026, NULL, NULL, NULL, NULL, NULL, NULL),
(150430116027, NULL, NULL, NULL, NULL, NULL, NULL),
(150430116028, NULL, NULL, NULL, NULL, NULL, NULL),
(150430116029, NULL, NULL, NULL, NULL, NULL, NULL),
(150430116030, NULL, NULL, NULL, NULL, NULL, NULL),
(150430116031, NULL, NULL, NULL, NULL, NULL, NULL),
(150430116032, NULL, NULL, NULL, NULL, NULL, NULL),
(150430116033, NULL, NULL, NULL, NULL, NULL, NULL),
(150430116034, NULL, NULL, NULL, NULL, NULL, NULL),
(150430116035, NULL, NULL, NULL, NULL, NULL, NULL),
(150430116036, NULL, NULL, NULL, NULL, NULL, NULL),
(150430116038, NULL, NULL, NULL, NULL, NULL, NULL),
(150430116040, NULL, NULL, NULL, NULL, NULL, NULL),
(150430116041, NULL, NULL, NULL, NULL, NULL, NULL),
(150430116042, NULL, NULL, NULL, NULL, NULL, NULL),
(150430116043, NULL, NULL, NULL, NULL, NULL, NULL),
(150430116044, NULL, NULL, NULL, NULL, NULL, NULL),
(150430116045, NULL, NULL, NULL, NULL, NULL, NULL),
(150430116046, NULL, NULL, NULL, NULL, NULL, NULL),
(150430116047, NULL, NULL, NULL, NULL, NULL, NULL),
(150430116048, NULL, NULL, NULL, NULL, NULL, NULL),
(150430116049, NULL, NULL, NULL, NULL, NULL, NULL),
(150430116050, NULL, NULL, NULL, NULL, NULL, NULL),
(150430116051, NULL, NULL, NULL, NULL, NULL, NULL),
(150430116052, NULL, NULL, NULL, NULL, NULL, NULL),
(150430116053, NULL, NULL, NULL, NULL, NULL, NULL),
(150430116054, NULL, NULL, NULL, NULL, NULL, NULL),
(150430116055, NULL, NULL, NULL, NULL, NULL, NULL),
(150430116056, NULL, NULL, NULL, NULL, NULL, NULL),
(150430116057, NULL, NULL, NULL, NULL, NULL, NULL),
(150430116058, NULL, NULL, NULL, NULL, NULL, NULL),
(150430116059, NULL, NULL, NULL, NULL, NULL, NULL),
(150430116060, NULL, NULL, NULL, NULL, NULL, NULL),
(150430116061, NULL, NULL, NULL, NULL, NULL, NULL),
(150430116062, NULL, NULL, NULL, NULL, NULL, NULL),
(150430116063, NULL, NULL, NULL, NULL, NULL, NULL),
(150430116064, NULL, NULL, NULL, NULL, NULL, NULL),
(150430116065, NULL, NULL, NULL, NULL, NULL, NULL),
(150430116066, NULL, NULL, NULL, NULL, NULL, NULL),
(150430116068, NULL, NULL, NULL, NULL, NULL, NULL),
(150430116069, NULL, NULL, NULL, NULL, NULL, NULL),
(150430116070, NULL, NULL, NULL, NULL, NULL, NULL),
(150430116071, NULL, NULL, NULL, NULL, NULL, NULL),
(150430116073, NULL, NULL, NULL, NULL, NULL, NULL),
(150430116074, NULL, NULL, NULL, NULL, NULL, NULL),
(150430116075, NULL, NULL, NULL, NULL, NULL, NULL),
(150430116076, NULL, NULL, NULL, NULL, NULL, NULL),
(150430116077, NULL, NULL, NULL, NULL, NULL, NULL),
(150430116078, NULL, NULL, NULL, NULL, NULL, NULL),
(150430116079, NULL, NULL, NULL, NULL, NULL, NULL),
(150430116080, NULL, NULL, NULL, NULL, NULL, NULL),
(150430116081, NULL, NULL, NULL, NULL, NULL, NULL),
(150430116082, NULL, NULL, NULL, NULL, NULL, NULL),
(150430116083, NULL, NULL, NULL, NULL, NULL, NULL),
(150430116084, NULL, NULL, NULL, NULL, NULL, NULL),
(150430116085, NULL, NULL, NULL, NULL, NULL, NULL),
(150430116086, NULL, NULL, NULL, NULL, NULL, NULL),
(150430116087, NULL, NULL, NULL, NULL, NULL, NULL),
(150430116088, NULL, NULL, NULL, NULL, NULL, NULL),
(150430116089, NULL, NULL, NULL, NULL, NULL, NULL),
(150430116090, NULL, NULL, NULL, NULL, NULL, NULL),
(150430116093, NULL, NULL, NULL, NULL, NULL, NULL),
(150430116094, NULL, NULL, NULL, NULL, NULL, NULL),
(150430116095, NULL, NULL, NULL, NULL, NULL, NULL),
(150430116096, NULL, NULL, NULL, NULL, NULL, NULL),
(150430116097, NULL, NULL, NULL, NULL, NULL, NULL),
(150430116098, NULL, NULL, NULL, NULL, NULL, NULL),
(150430116099, NULL, NULL, NULL, NULL, NULL, NULL),
(150430116100, NULL, NULL, NULL, NULL, NULL, NULL),
(150430116101, NULL, NULL, NULL, NULL, NULL, NULL),
(150430116103, NULL, NULL, NULL, NULL, NULL, NULL),
(150430116104, NULL, NULL, NULL, NULL, NULL, NULL),
(150430116106, NULL, NULL, NULL, NULL, NULL, NULL),
(150430116107, NULL, NULL, NULL, NULL, NULL, NULL),
(150430116108, NULL, NULL, NULL, NULL, NULL, NULL),
(150430116109, NULL, NULL, NULL, NULL, NULL, NULL),
(150430116110, NULL, NULL, NULL, NULL, NULL, NULL),
(150430116111, NULL, NULL, NULL, NULL, NULL, NULL),
(150430116113, NULL, NULL, NULL, NULL, NULL, NULL),
(150430116115, NULL, NULL, NULL, NULL, NULL, NULL),
(150430116116, NULL, NULL, NULL, NULL, NULL, NULL),
(150430116117, NULL, NULL, NULL, NULL, NULL, NULL),
(150430116118, NULL, NULL, NULL, NULL, NULL, NULL),
(150430116119, NULL, NULL, NULL, NULL, NULL, NULL),
(150430116120, NULL, NULL, NULL, NULL, NULL, NULL),
(150430116121, NULL, NULL, NULL, NULL, NULL, NULL),
(150430116122, NULL, NULL, NULL, NULL, NULL, NULL),
(150430116123, NULL, NULL, NULL, NULL, NULL, NULL),
(150430116124, NULL, NULL, NULL, NULL, NULL, NULL),
(150430116125, NULL, NULL, NULL, NULL, NULL, NULL),
(150430116126, NULL, NULL, NULL, NULL, NULL, NULL);

-- --------------------------------------------------------

--
-- Table structure for table `sem7_16`
--

CREATE TABLE `sem7_16` (
  `enrolment` bigint(20) NOT NULL,
  `year` int(11) DEFAULT NULL,
  `2170001_v` int(10) DEFAULT NULL,
  `2170709_m` int(10) DEFAULT NULL,
  `2170709_v` int(10) DEFAULT NULL,
  `2170710_m` int(10) DEFAULT NULL,
  `2170710_v` int(10) DEFAULT NULL,
  `2170715_m` int(10) DEFAULT NULL,
  `2170715_v` int(10) DEFAULT NULL,
  `2171607_m` int(10) DEFAULT NULL,
  `2171607_v` int(10) DEFAULT NULL,
  `2160707_m` int(10) DEFAULT NULL,
  `2160707_v` int(10) DEFAULT NULL
) ENGINE=InnoDB DEFAULT CHARSET=latin1;

--
-- Dumping data for table `sem7_16`
--

INSERT INTO `sem7_16` (`enrolment`, `year`, `2170001_v`, `2170709_m`, `2170709_v`, `2170710_m`, `2170710_v`, `2170715_m`, `2170715_v`, `2171607_m`, `2171607_v`, `2160707_m`, `2160707_v`) VALUES
(150430116001, NULL, NULL, NULL, NULL, NULL, NULL, NULL, NULL, NULL, NULL, NULL, NULL),
(150430116002, NULL, NULL, NULL, NULL, NULL, NULL, NULL, NULL, NULL, NULL, NULL, NULL),
(150430116003, NULL, NULL, NULL, NULL, NULL, NULL, NULL, NULL, NULL, NULL, NULL, NULL),
(150430116004, NULL, NULL, NULL, NULL, NULL, NULL, NULL, NULL, NULL, NULL, NULL, NULL),
(150430116005, NULL, NULL, NULL, NULL, NULL, NULL, NULL, NULL, NULL, NULL, NULL, NULL),
(150430116006, NULL, NULL, NULL, NULL, NULL, NULL, NULL, NULL, NULL, NULL, NULL, NULL),
(150430116007, NULL, NULL, NULL, NULL, NULL, NULL, NULL, NULL, NULL, NULL, NULL, NULL),
(150430116008, NULL, NULL, NULL, NULL, NULL, NULL, NULL, NULL, NULL, NULL, NULL, NULL),
(150430116009, NULL, NULL, NULL, NULL, NULL, NULL, NULL, NULL, NULL, NULL, NULL, NULL),
(150430116010, NULL, NULL, NULL, NULL, NULL, NULL, NULL, NULL, NULL, NULL, NULL, NULL),
(150430116011, NULL, NULL, NULL, NULL, NULL, NULL, NULL, NULL, NULL, NULL, NULL, NULL),
(150430116012, NULL, NULL, NULL, NULL, NULL, NULL, NULL, NULL, NULL, NULL, NULL, NULL),
(150430116013, NULL, NULL, NULL, NULL, NULL, NULL, NULL, NULL, NULL, NULL, NULL, NULL),
(150430116014, NULL, NULL, NULL, NULL, NULL, NULL, NULL, NULL, NULL, NULL, NULL, NULL),
(150430116015, NULL, NULL, NULL, NULL, NULL, NULL, NULL, NULL, NULL, NULL, NULL, NULL),
(150430116016, NULL, NULL, NULL, NULL, NULL, NULL, NULL, NULL, NULL, NULL, NULL, NULL),
(150430116017, NULL, NULL, NULL, NULL, NULL, NULL, NULL, NULL, NULL, NULL, NULL, NULL),
(150430116019, NULL, NULL, NULL, NULL, NULL, NULL, NULL, NULL, NULL, NULL, NULL, NULL),
(150430116020, NULL, NULL, NULL, NULL, NULL, NULL, NULL, NULL, NULL, NULL, NULL, NULL),
(150430116021, NULL, NULL, NULL, NULL, NULL, NULL, NULL, NULL, NULL, NULL, NULL, NULL),
(150430116022, NULL, NULL, NULL, NULL, NULL, NULL, NULL, NULL, NULL, NULL, NULL, NULL),
(150430116023, NULL, NULL, NULL, NULL, NULL, NULL, NULL, NULL, NULL, NULL, NULL, NULL),
(150430116024, NULL, NULL, NULL, NULL, NULL, NULL, NULL, NULL, NULL, NULL, NULL, NULL),
(150430116026, NULL, NULL, NULL, NULL, NULL, NULL, NULL, NULL, NULL, NULL, NULL, NULL),
(150430116027, NULL, NULL, NULL, NULL, NULL, NULL, NULL, NULL, NULL, NULL, NULL, NULL),
(150430116028, NULL, NULL, NULL, NULL, NULL, NULL, NULL, NULL, NULL, NULL, NULL, NULL),
(150430116029, NULL, NULL, NULL, NULL, NULL, NULL, NULL, NULL, NULL, NULL, NULL, NULL),
(150430116030, NULL, NULL, NULL, NULL, NULL, NULL, NULL, NULL, NULL, NULL, NULL, NULL),
(150430116031, NULL, NULL, NULL, NULL, NULL, NULL, NULL, NULL, NULL, NULL, NULL, NULL),
(150430116032, NULL, NULL, NULL, NULL, NULL, NULL, NULL, NULL, NULL, NULL, NULL, NULL),
(150430116033, NULL, NULL, NULL, NULL, NULL, NULL, NULL, NULL, NULL, NULL, NULL, NULL),
(150430116034, NULL, NULL, NULL, NULL, NULL, NULL, NULL, NULL, NULL, NULL, NULL, NULL),
(150430116035, NULL, NULL, NULL, NULL, NULL, NULL, NULL, NULL, NULL, NULL, NULL, NULL),
(150430116036, NULL, NULL, NULL, NULL, NULL, NULL, NULL, NULL, NULL, NULL, NULL, NULL),
(150430116038, NULL, NULL, NULL, NULL, NULL, NULL, NULL, NULL, NULL, NULL, NULL, NULL),
(150430116040, NULL, NULL, NULL, NULL, NULL, NULL, NULL, NULL, NULL, NULL, NULL, NULL),
(150430116041, NULL, NULL, NULL, NULL, NULL, NULL, NULL, NULL, NULL, NULL, NULL, NULL),
(150430116042, NULL, NULL, NULL, NULL, NULL, NULL, NULL, NULL, NULL, NULL, NULL, NULL),
(150430116043, NULL, NULL, NULL, NULL, NULL, NULL, NULL, NULL, NULL, NULL, NULL, NULL),
(150430116044, NULL, NULL, NULL, NULL, NULL, NULL, NULL, NULL, NULL, NULL, NULL, NULL),
(150430116045, NULL, NULL, NULL, NULL, NULL, NULL, NULL, NULL, NULL, NULL, NULL, NULL),
(150430116046, NULL, NULL, NULL, NULL, NULL, NULL, NULL, NULL, NULL, NULL, NULL, NULL),
(150430116047, NULL, NULL, NULL, NULL, NULL, NULL, NULL, NULL, NULL, NULL, NULL, NULL),
(150430116048, NULL, NULL, NULL, NULL, NULL, NULL, NULL, NULL, NULL, NULL, NULL, NULL),
(150430116049, NULL, NULL, NULL, NULL, NULL, NULL, NULL, NULL, NULL, NULL, NULL, NULL),
(150430116050, NULL, NULL, NULL, NULL, NULL, NULL, NULL, NULL, NULL, NULL, NULL, NULL),
(150430116051, NULL, NULL, NULL, NULL, NULL, NULL, NULL, NULL, NULL, NULL, NULL, NULL),
(150430116052, NULL, NULL, NULL, NULL, NULL, NULL, NULL, NULL, NULL, NULL, NULL, NULL),
(150430116053, NULL, NULL, NULL, NULL, NULL, NULL, NULL, NULL, NULL, NULL, NULL, NULL),
(150430116054, NULL, NULL, NULL, NULL, NULL, NULL, NULL, NULL, NULL, NULL, NULL, NULL),
(150430116055, NULL, NULL, NULL, NULL, NULL, NULL, NULL, NULL, NULL, NULL, NULL, NULL),
(150430116056, NULL, NULL, NULL, NULL, NULL, NULL, NULL, NULL, NULL, NULL, NULL, NULL),
(150430116057, NULL, NULL, NULL, NULL, NULL, NULL, NULL, NULL, NULL, NULL, NULL, NULL),
(150430116058, NULL, NULL, NULL, NULL, NULL, NULL, NULL, NULL, NULL, NULL, NULL, NULL),
(150430116059, NULL, NULL, NULL, NULL, NULL, NULL, NULL, NULL, NULL, NULL, NULL, NULL),
(150430116060, NULL, NULL, NULL, NULL, NULL, NULL, NULL, NULL, NULL, NULL, NULL, NULL),
(150430116061, NULL, NULL, NULL, NULL, NULL, NULL, NULL, NULL, NULL, NULL, NULL, NULL),
(150430116062, NULL, NULL, NULL, NULL, NULL, NULL, NULL, NULL, NULL, NULL, NULL, NULL),
(150430116063, NULL, NULL, NULL, NULL, NULL, NULL, NULL, NULL, NULL, NULL, NULL, NULL),
(150430116064, NULL, NULL, NULL, NULL, NULL, NULL, NULL, NULL, NULL, NULL, NULL, NULL),
(150430116065, NULL, NULL, NULL, NULL, NULL, NULL, NULL, NULL, NULL, NULL, NULL, NULL),
(150430116066, NULL, NULL, NULL, NULL, NULL, NULL, NULL, NULL, NULL, NULL, NULL, NULL),
(150430116068, NULL, NULL, NULL, NULL, NULL, NULL, NULL, NULL, NULL, NULL, NULL, NULL),
(150430116069, NULL, NULL, NULL, NULL, NULL, NULL, NULL, NULL, NULL, NULL, NULL, NULL),
(150430116070, NULL, NULL, NULL, NULL, NULL, NULL, NULL, NULL, NULL, NULL, NULL, NULL),
(150430116071, NULL, NULL, NULL, NULL, NULL, NULL, NULL, NULL, NULL, NULL, NULL, NULL),
(150430116073, NULL, NULL, NULL, NULL, NULL, NULL, NULL, NULL, NULL, NULL, NULL, NULL),
(150430116074, NULL, NULL, NULL, NULL, NULL, NULL, NULL, NULL, NULL, NULL, NULL, NULL),
(150430116075, NULL, NULL, NULL, NULL, NULL, NULL, NULL, NULL, NULL, NULL, NULL, NULL),
(150430116076, NULL, NULL, NULL, NULL, NULL, NULL, NULL, NULL, NULL, NULL, NULL, NULL),
(150430116077, NULL, NULL, NULL, NULL, NULL, NULL, NULL, NULL, NULL, NULL, NULL, NULL),
(150430116078, NULL, NULL, NULL, NULL, NULL, NULL, NULL, NULL, NULL, NULL, NULL, NULL),
(150430116079, NULL, NULL, NULL, NULL, NULL, NULL, NULL, NULL, NULL, NULL, NULL, NULL),
(150430116080, NULL, NULL, NULL, NULL, NULL, NULL, NULL, NULL, NULL, NULL, NULL, NULL),
(150430116081, NULL, NULL, NULL, NULL, NULL, NULL, NULL, NULL, NULL, NULL, NULL, NULL),
(150430116082, NULL, NULL, NULL, NULL, NULL, NULL, NULL, NULL, NULL, NULL, NULL, NULL),
(150430116083, NULL, NULL, NULL, NULL, NULL, NULL, NULL, NULL, NULL, NULL, NULL, NULL),
(150430116084, NULL, NULL, NULL, NULL, NULL, NULL, NULL, NULL, NULL, NULL, NULL, NULL),
(150430116085, NULL, NULL, NULL, NULL, NULL, NULL, NULL, NULL, NULL, NULL, NULL, NULL),
(150430116086, NULL, NULL, NULL, NULL, NULL, NULL, NULL, NULL, NULL, NULL, NULL, NULL),
(150430116087, NULL, NULL, NULL, NULL, NULL, NULL, NULL, NULL, NULL, NULL, NULL, NULL),
(150430116088, NULL, NULL, NULL, NULL, NULL, NULL, NULL, NULL, NULL, NULL, NULL, NULL),
(150430116089, NULL, NULL, NULL, NULL, NULL, NULL, NULL, NULL, NULL, NULL, NULL, NULL),
(150430116090, NULL, NULL, NULL, NULL, NULL, NULL, NULL, NULL, NULL, NULL, NULL, NULL),
(150430116093, NULL, NULL, NULL, NULL, NULL, NULL, NULL, NULL, NULL, NULL, NULL, NULL),
(150430116094, NULL, NULL, NULL, NULL, NULL, NULL, NULL, NULL, NULL, NULL, NULL, NULL),
(150430116095, NULL, NULL, NULL, NULL, NULL, NULL, NULL, NULL, NULL, NULL, NULL, NULL),
(150430116096, NULL, NULL, NULL, NULL, NULL, NULL, NULL, NULL, NULL, NULL, NULL, NULL),
(150430116097, NULL, NULL, NULL, NULL, NULL, NULL, NULL, NULL, NULL, NULL, NULL, NULL),
(150430116098, NULL, NULL, NULL, NULL, NULL, NULL, NULL, NULL, NULL, NULL, NULL, NULL),
(150430116099, NULL, NULL, NULL, NULL, NULL, NULL, NULL, NULL, NULL, NULL, NULL, NULL),
(150430116100, NULL, NULL, NULL, NULL, NULL, NULL, NULL, NULL, NULL, NULL, NULL, NULL),
(150430116101, NULL, NULL, NULL, NULL, NULL, NULL, NULL, NULL, NULL, NULL, NULL, NULL),
(150430116103, NULL, NULL, NULL, NULL, NULL, NULL, NULL, NULL, NULL, NULL, NULL, NULL),
(150430116104, NULL, NULL, NULL, NULL, NULL, NULL, NULL, NULL, NULL, NULL, NULL, NULL),
(150430116106, NULL, NULL, NULL, NULL, NULL, NULL, NULL, NULL, NULL, NULL, NULL, NULL),
(150430116107, NULL, NULL, NULL, NULL, NULL, NULL, NULL, NULL, NULL, NULL, NULL, NULL),
(150430116108, NULL, NULL, NULL, NULL, NULL, NULL, NULL, NULL, NULL, NULL, NULL, NULL),
(150430116109, NULL, NULL, NULL, NULL, NULL, NULL, NULL, NULL, NULL, NULL, NULL, NULL),
(150430116110, NULL, NULL, NULL, NULL, NULL, NULL, NULL, NULL, NULL, NULL, NULL, NULL),
(150430116111, NULL, NULL, NULL, NULL, NULL, NULL, NULL, NULL, NULL, NULL, NULL, NULL),
(150430116113, NULL, NULL, NULL, NULL, NULL, NULL, NULL, NULL, NULL, NULL, NULL, NULL),
(150430116115, NULL, NULL, NULL, NULL, NULL, NULL, NULL, NULL, NULL, NULL, NULL, NULL),
(150430116116, NULL, NULL, NULL, NULL, NULL, NULL, NULL, NULL, NULL, NULL, NULL, NULL),
(150430116117, NULL, NULL, NULL, NULL, NULL, NULL, NULL, NULL, NULL, NULL, NULL, NULL),
(150430116118, NULL, NULL, NULL, NULL, NULL, NULL, NULL, NULL, NULL, NULL, NULL, NULL),
(150430116119, NULL, NULL, NULL, NULL, NULL, NULL, NULL, NULL, NULL, NULL, NULL, NULL),
(150430116120, NULL, NULL, NULL, NULL, NULL, NULL, NULL, NULL, NULL, NULL, NULL, NULL),
(150430116121, NULL, NULL, NULL, NULL, NULL, NULL, NULL, NULL, NULL, NULL, NULL, NULL),
(150430116122, NULL, NULL, NULL, NULL, NULL, NULL, NULL, NULL, NULL, NULL, NULL, NULL),
(150430116123, NULL, NULL, NULL, NULL, NULL, NULL, NULL, NULL, NULL, NULL, NULL, NULL),
(150430116124, NULL, NULL, NULL, NULL, NULL, NULL, NULL, NULL, NULL, NULL, NULL, NULL),
(150430116125, NULL, NULL, NULL, NULL, NULL, NULL, NULL, NULL, NULL, NULL, NULL, NULL),
(150430116126, NULL, NULL, NULL, NULL, NULL, NULL, NULL, NULL, NULL, NULL, NULL, NULL);

-- --------------------------------------------------------

--
-- Table structure for table `sem7_16_r`
--

CREATE TABLE `sem7_16_r` (
  `enrolment` bigint(20) NOT NULL,
  `year` int(11) DEFAULT NULL,
  `2170709_r` int(10) DEFAULT NULL,
  `2170710_r` int(10) DEFAULT NULL,
  `2170715_r` int(10) DEFAULT NULL,
  `2171607_r` int(10) DEFAULT NULL,
  `2160707_r` int(10) DEFAULT NULL
) ENGINE=InnoDB DEFAULT CHARSET=latin1;

--
-- Dumping data for table `sem7_16_r`
--

INSERT INTO `sem7_16_r` (`enrolment`, `year`, `2170709_r`, `2170710_r`, `2170715_r`, `2171607_r`, `2160707_r`) VALUES
(150430116001, NULL, NULL, NULL, NULL, NULL, NULL),
(150430116002, NULL, NULL, NULL, NULL, NULL, NULL),
(150430116003, NULL, NULL, NULL, NULL, NULL, NULL),
(150430116004, NULL, NULL, NULL, NULL, NULL, NULL),
(150430116005, NULL, NULL, NULL, NULL, NULL, NULL),
(150430116006, NULL, NULL, NULL, NULL, NULL, NULL),
(150430116007, NULL, NULL, NULL, NULL, NULL, NULL),
(150430116008, NULL, NULL, NULL, NULL, NULL, NULL),
(150430116009, NULL, NULL, NULL, NULL, NULL, NULL),
(150430116010, NULL, NULL, NULL, NULL, NULL, NULL),
(150430116011, NULL, NULL, NULL, NULL, NULL, NULL),
(150430116012, NULL, NULL, NULL, NULL, NULL, NULL),
(150430116013, NULL, NULL, NULL, NULL, NULL, NULL),
(150430116014, NULL, NULL, NULL, NULL, NULL, NULL),
(150430116015, NULL, NULL, NULL, NULL, NULL, NULL),
(150430116016, NULL, NULL, NULL, NULL, NULL, NULL),
(150430116017, NULL, NULL, NULL, NULL, NULL, NULL),
(150430116019, NULL, NULL, NULL, NULL, NULL, NULL),
(150430116020, NULL, NULL, NULL, NULL, NULL, NULL),
(150430116021, NULL, NULL, NULL, NULL, NULL, NULL),
(150430116022, NULL, NULL, NULL, NULL, NULL, NULL),
(150430116023, NULL, NULL, NULL, NULL, NULL, NULL),
(150430116024, NULL, NULL, NULL, NULL, NULL, NULL),
(150430116026, NULL, NULL, NULL, NULL, NULL, NULL),
(150430116027, NULL, NULL, NULL, NULL, NULL, NULL),
(150430116028, NULL, NULL, NULL, NULL, NULL, NULL),
(150430116029, NULL, NULL, NULL, NULL, NULL, NULL),
(150430116030, NULL, NULL, NULL, NULL, NULL, NULL),
(150430116031, NULL, NULL, NULL, NULL, NULL, NULL),
(150430116032, NULL, NULL, NULL, NULL, NULL, NULL),
(150430116033, NULL, NULL, NULL, NULL, NULL, NULL),
(150430116034, NULL, NULL, NULL, NULL, NULL, NULL),
(150430116035, NULL, NULL, NULL, NULL, NULL, NULL),
(150430116036, NULL, NULL, NULL, NULL, NULL, NULL),
(150430116038, NULL, NULL, NULL, NULL, NULL, NULL),
(150430116040, NULL, NULL, NULL, NULL, NULL, NULL),
(150430116041, NULL, NULL, NULL, NULL, NULL, NULL),
(150430116042, NULL, NULL, NULL, NULL, NULL, NULL),
(150430116043, NULL, NULL, NULL, NULL, NULL, NULL),
(150430116044, NULL, NULL, NULL, NULL, NULL, NULL),
(150430116045, NULL, NULL, NULL, NULL, NULL, NULL),
(150430116046, NULL, NULL, NULL, NULL, NULL, NULL),
(150430116047, NULL, NULL, NULL, NULL, NULL, NULL),
(150430116048, NULL, NULL, NULL, NULL, NULL, NULL),
(150430116049, NULL, NULL, NULL, NULL, NULL, NULL),
(150430116050, NULL, NULL, NULL, NULL, NULL, NULL),
(150430116051, NULL, NULL, NULL, NULL, NULL, NULL),
(150430116052, NULL, NULL, NULL, NULL, NULL, NULL),
(150430116053, NULL, NULL, NULL, NULL, NULL, NULL),
(150430116054, NULL, NULL, NULL, NULL, NULL, NULL),
(150430116055, NULL, NULL, NULL, NULL, NULL, NULL),
(150430116056, NULL, NULL, NULL, NULL, NULL, NULL),
(150430116057, NULL, NULL, NULL, NULL, NULL, NULL),
(150430116058, NULL, NULL, NULL, NULL, NULL, NULL),
(150430116059, NULL, NULL, NULL, NULL, NULL, NULL),
(150430116060, NULL, NULL, NULL, NULL, NULL, NULL),
(150430116061, NULL, NULL, NULL, NULL, NULL, NULL),
(150430116062, NULL, NULL, NULL, NULL, NULL, NULL),
(150430116063, NULL, NULL, NULL, NULL, NULL, NULL),
(150430116064, NULL, NULL, NULL, NULL, NULL, NULL),
(150430116065, NULL, NULL, NULL, NULL, NULL, NULL),
(150430116066, NULL, NULL, NULL, NULL, NULL, NULL),
(150430116068, NULL, NULL, NULL, NULL, NULL, NULL),
(150430116069, NULL, NULL, NULL, NULL, NULL, NULL),
(150430116070, NULL, NULL, NULL, NULL, NULL, NULL),
(150430116071, NULL, NULL, NULL, NULL, NULL, NULL),
(150430116073, NULL, NULL, NULL, NULL, NULL, NULL),
(150430116074, NULL, NULL, NULL, NULL, NULL, NULL),
(150430116075, NULL, NULL, NULL, NULL, NULL, NULL),
(150430116076, NULL, NULL, NULL, NULL, NULL, NULL),
(150430116077, NULL, NULL, NULL, NULL, NULL, NULL),
(150430116078, NULL, NULL, NULL, NULL, NULL, NULL),
(150430116079, NULL, NULL, NULL, NULL, NULL, NULL),
(150430116080, NULL, NULL, NULL, NULL, NULL, NULL),
(150430116081, NULL, NULL, NULL, NULL, NULL, NULL),
(150430116082, NULL, NULL, NULL, NULL, NULL, NULL),
(150430116083, NULL, NULL, NULL, NULL, NULL, NULL),
(150430116084, NULL, NULL, NULL, NULL, NULL, NULL),
(150430116085, NULL, NULL, NULL, NULL, NULL, NULL),
(150430116086, NULL, NULL, NULL, NULL, NULL, NULL),
(150430116087, NULL, NULL, NULL, NULL, NULL, NULL),
(150430116088, NULL, NULL, NULL, NULL, NULL, NULL),
(150430116089, NULL, NULL, NULL, NULL, NULL, NULL),
(150430116090, NULL, NULL, NULL, NULL, NULL, NULL),
(150430116093, NULL, NULL, NULL, NULL, NULL, NULL),
(150430116094, NULL, NULL, NULL, NULL, NULL, NULL),
(150430116095, NULL, NULL, NULL, NULL, NULL, NULL),
(150430116096, NULL, NULL, NULL, NULL, NULL, NULL),
(150430116097, NULL, NULL, NULL, NULL, NULL, NULL),
(150430116098, NULL, NULL, NULL, NULL, NULL, NULL),
(150430116099, NULL, NULL, NULL, NULL, NULL, NULL),
(150430116100, NULL, NULL, NULL, NULL, NULL, NULL),
(150430116101, NULL, NULL, NULL, NULL, NULL, NULL),
(150430116103, NULL, NULL, NULL, NULL, NULL, NULL),
(150430116104, NULL, NULL, NULL, NULL, NULL, NULL),
(150430116106, NULL, NULL, NULL, NULL, NULL, NULL),
(150430116107, NULL, NULL, NULL, NULL, NULL, NULL),
(150430116108, NULL, NULL, NULL, NULL, NULL, NULL),
(150430116109, NULL, NULL, NULL, NULL, NULL, NULL),
(150430116110, NULL, NULL, NULL, NULL, NULL, NULL),
(150430116111, NULL, NULL, NULL, NULL, NULL, NULL),
(150430116113, NULL, NULL, NULL, NULL, NULL, NULL),
(150430116115, NULL, NULL, NULL, NULL, NULL, NULL),
(150430116116, NULL, NULL, NULL, NULL, NULL, NULL),
(150430116117, NULL, NULL, NULL, NULL, NULL, NULL),
(150430116118, NULL, NULL, NULL, NULL, NULL, NULL),
(150430116119, NULL, NULL, NULL, NULL, NULL, NULL),
(150430116120, NULL, NULL, NULL, NULL, NULL, NULL),
(150430116121, NULL, NULL, NULL, NULL, NULL, NULL),
(150430116122, NULL, NULL, NULL, NULL, NULL, NULL),
(150430116123, NULL, NULL, NULL, NULL, NULL, NULL),
(150430116124, NULL, NULL, NULL, NULL, NULL, NULL),
(150430116125, NULL, NULL, NULL, NULL, NULL, NULL),
(150430116126, NULL, NULL, NULL, NULL, NULL, NULL);

-- --------------------------------------------------------

--
-- Table structure for table `sem8_16`
--

CREATE TABLE `sem8_16` (
  `enrolment` bigint(20) NOT NULL,
  `year` int(11) DEFAULT NULL,
  `2180703_m` int(10) DEFAULT NULL,
  `2180703_v` int(10) DEFAULT NULL,
  `2180711_m` int(10) DEFAULT NULL,
  `2180711_v` int(10) DEFAULT NULL,
  `2181606_v` int(10) DEFAULT NULL
) ENGINE=InnoDB DEFAULT CHARSET=latin1;

--
-- Dumping data for table `sem8_16`
--

INSERT INTO `sem8_16` (`enrolment`, `year`, `2180703_m`, `2180703_v`, `2180711_m`, `2180711_v`, `2181606_v`) VALUES
(150430116001, NULL, NULL, NULL, NULL, NULL, NULL),
(150430116002, NULL, NULL, NULL, NULL, NULL, NULL),
(150430116003, NULL, NULL, NULL, NULL, NULL, NULL),
(150430116004, NULL, NULL, NULL, NULL, NULL, NULL),
(150430116005, NULL, NULL, NULL, NULL, NULL, NULL),
(150430116006, NULL, NULL, NULL, NULL, NULL, NULL),
(150430116007, NULL, NULL, NULL, NULL, NULL, NULL),
(150430116008, NULL, NULL, NULL, NULL, NULL, NULL),
(150430116009, NULL, NULL, NULL, NULL, NULL, NULL),
(150430116010, NULL, NULL, NULL, NULL, NULL, NULL),
(150430116011, NULL, NULL, NULL, NULL, NULL, NULL),
(150430116012, NULL, NULL, NULL, NULL, NULL, NULL),
(150430116013, NULL, NULL, NULL, NULL, NULL, NULL),
(150430116014, NULL, NULL, NULL, NULL, NULL, NULL),
(150430116015, NULL, NULL, NULL, NULL, NULL, NULL),
(150430116016, NULL, NULL, NULL, NULL, NULL, NULL),
(150430116017, NULL, NULL, NULL, NULL, NULL, NULL),
(150430116019, NULL, NULL, NULL, NULL, NULL, NULL),
(150430116020, NULL, NULL, NULL, NULL, NULL, NULL),
(150430116021, NULL, NULL, NULL, NULL, NULL, NULL),
(150430116022, NULL, NULL, NULL, NULL, NULL, NULL),
(150430116023, NULL, NULL, NULL, NULL, NULL, NULL),
(150430116024, NULL, NULL, NULL, NULL, NULL, NULL),
(150430116026, NULL, NULL, NULL, NULL, NULL, NULL),
(150430116027, NULL, NULL, NULL, NULL, NULL, NULL),
(150430116028, NULL, NULL, NULL, NULL, NULL, NULL),
(150430116029, NULL, NULL, NULL, NULL, NULL, NULL),
(150430116030, NULL, NULL, NULL, NULL, NULL, NULL),
(150430116031, NULL, NULL, NULL, NULL, NULL, NULL),
(150430116032, NULL, NULL, NULL, NULL, NULL, NULL),
(150430116033, NULL, NULL, NULL, NULL, NULL, NULL),
(150430116034, NULL, NULL, NULL, NULL, NULL, NULL),
(150430116035, NULL, NULL, NULL, NULL, NULL, NULL),
(150430116036, NULL, NULL, NULL, NULL, NULL, NULL),
(150430116038, NULL, NULL, NULL, NULL, NULL, NULL),
(150430116040, NULL, NULL, NULL, NULL, NULL, NULL),
(150430116041, NULL, NULL, NULL, NULL, NULL, NULL),
(150430116042, NULL, NULL, NULL, NULL, NULL, NULL),
(150430116043, NULL, NULL, NULL, NULL, NULL, NULL),
(150430116044, NULL, NULL, NULL, NULL, NULL, NULL),
(150430116045, NULL, NULL, NULL, NULL, NULL, NULL),
(150430116046, NULL, NULL, NULL, NULL, NULL, NULL),
(150430116047, NULL, NULL, NULL, NULL, NULL, NULL),
(150430116048, NULL, NULL, NULL, NULL, NULL, NULL),
(150430116049, NULL, NULL, NULL, NULL, NULL, NULL),
(150430116050, NULL, NULL, NULL, NULL, NULL, NULL),
(150430116051, NULL, NULL, NULL, NULL, NULL, NULL),
(150430116052, NULL, NULL, NULL, NULL, NULL, NULL),
(150430116053, NULL, NULL, NULL, NULL, NULL, NULL),
(150430116054, NULL, NULL, NULL, NULL, NULL, NULL),
(150430116055, NULL, NULL, NULL, NULL, NULL, NULL),
(150430116056, NULL, NULL, NULL, NULL, NULL, NULL),
(150430116057, NULL, NULL, NULL, NULL, NULL, NULL),
(150430116058, NULL, NULL, NULL, NULL, NULL, NULL),
(150430116059, NULL, NULL, NULL, NULL, NULL, NULL),
(150430116060, NULL, NULL, NULL, NULL, NULL, NULL),
(150430116061, NULL, NULL, NULL, NULL, NULL, NULL),
(150430116062, NULL, NULL, NULL, NULL, NULL, NULL),
(150430116063, NULL, NULL, NULL, NULL, NULL, NULL),
(150430116064, NULL, NULL, NULL, NULL, NULL, NULL),
(150430116065, NULL, NULL, NULL, NULL, NULL, NULL),
(150430116066, NULL, NULL, NULL, NULL, NULL, NULL),
(150430116068, NULL, NULL, NULL, NULL, NULL, NULL),
(150430116069, NULL, NULL, NULL, NULL, NULL, NULL),
(150430116070, NULL, NULL, NULL, NULL, NULL, NULL),
(150430116071, NULL, NULL, NULL, NULL, NULL, NULL),
(150430116073, NULL, NULL, NULL, NULL, NULL, NULL),
(150430116074, NULL, NULL, NULL, NULL, NULL, NULL),
(150430116075, NULL, NULL, NULL, NULL, NULL, NULL),
(150430116076, NULL, NULL, NULL, NULL, NULL, NULL),
(150430116077, NULL, NULL, NULL, NULL, NULL, NULL),
(150430116078, NULL, NULL, NULL, NULL, NULL, NULL),
(150430116079, NULL, NULL, NULL, NULL, NULL, NULL),
(150430116080, NULL, NULL, NULL, NULL, NULL, NULL),
(150430116081, NULL, NULL, NULL, NULL, NULL, NULL),
(150430116082, NULL, NULL, NULL, NULL, NULL, NULL),
(150430116083, NULL, NULL, NULL, NULL, NULL, NULL),
(150430116084, NULL, NULL, NULL, NULL, NULL, NULL),
(150430116085, NULL, NULL, NULL, NULL, NULL, NULL),
(150430116086, NULL, NULL, NULL, NULL, NULL, NULL),
(150430116087, NULL, NULL, NULL, NULL, NULL, NULL),
(150430116088, NULL, NULL, NULL, NULL, NULL, NULL),
(150430116089, NULL, NULL, NULL, NULL, NULL, NULL),
(150430116090, NULL, NULL, NULL, NULL, NULL, NULL),
(150430116093, NULL, NULL, NULL, NULL, NULL, NULL),
(150430116094, NULL, NULL, NULL, NULL, NULL, NULL),
(150430116095, NULL, NULL, NULL, NULL, NULL, NULL),
(150430116096, NULL, NULL, NULL, NULL, NULL, NULL),
(150430116097, NULL, NULL, NULL, NULL, NULL, NULL),
(150430116098, NULL, NULL, NULL, NULL, NULL, NULL),
(150430116099, NULL, NULL, NULL, NULL, NULL, NULL),
(150430116100, NULL, NULL, NULL, NULL, NULL, NULL),
(150430116101, NULL, NULL, NULL, NULL, NULL, NULL),
(150430116103, NULL, NULL, NULL, NULL, NULL, NULL),
(150430116104, NULL, NULL, NULL, NULL, NULL, NULL),
(150430116106, NULL, NULL, NULL, NULL, NULL, NULL),
(150430116107, NULL, NULL, NULL, NULL, NULL, NULL),
(150430116108, NULL, NULL, NULL, NULL, NULL, NULL),
(150430116109, NULL, NULL, NULL, NULL, NULL, NULL),
(150430116110, NULL, NULL, NULL, NULL, NULL, NULL),
(150430116111, NULL, NULL, NULL, NULL, NULL, NULL),
(150430116113, NULL, NULL, NULL, NULL, NULL, NULL),
(150430116115, NULL, NULL, NULL, NULL, NULL, NULL),
(150430116116, NULL, NULL, NULL, NULL, NULL, NULL),
(150430116117, NULL, NULL, NULL, NULL, NULL, NULL),
(150430116118, NULL, NULL, NULL, NULL, NULL, NULL),
(150430116119, NULL, NULL, NULL, NULL, NULL, NULL),
(150430116120, NULL, NULL, NULL, NULL, NULL, NULL),
(150430116121, NULL, NULL, NULL, NULL, NULL, NULL),
(150430116122, NULL, NULL, NULL, NULL, NULL, NULL),
(150430116123, NULL, NULL, NULL, NULL, NULL, NULL),
(150430116124, NULL, NULL, NULL, NULL, NULL, NULL),
(150430116125, NULL, NULL, NULL, NULL, NULL, NULL),
(150430116126, NULL, NULL, NULL, NULL, NULL, NULL);

-- --------------------------------------------------------

--
-- Table structure for table `sem8_16_r`
--

CREATE TABLE `sem8_16_r` (
  `enrolment` bigint(20) NOT NULL,
  `year` int(11) DEFAULT NULL,
  `2180703_r` int(10) DEFAULT NULL,
  `2180711_r` int(10) DEFAULT NULL
) ENGINE=InnoDB DEFAULT CHARSET=latin1;

--
-- Dumping data for table `sem8_16_r`
--

INSERT INTO `sem8_16_r` (`enrolment`, `year`, `2180703_r`, `2180711_r`) VALUES
(150430116001, NULL, NULL, NULL),
(150430116002, NULL, NULL, NULL),
(150430116003, NULL, NULL, NULL),
(150430116004, NULL, NULL, NULL),
(150430116005, NULL, NULL, NULL),
(150430116006, NULL, NULL, NULL),
(150430116007, NULL, NULL, NULL),
(150430116008, NULL, NULL, NULL),
(150430116009, NULL, NULL, NULL),
(150430116010, NULL, NULL, NULL),
(150430116011, NULL, NULL, NULL),
(150430116012, NULL, NULL, NULL),
(150430116013, NULL, NULL, NULL),
(150430116014, NULL, NULL, NULL),
(150430116015, NULL, NULL, NULL),
(150430116016, NULL, NULL, NULL),
(150430116017, NULL, NULL, NULL),
(150430116019, NULL, NULL, NULL),
(150430116020, NULL, NULL, NULL),
(150430116021, NULL, NULL, NULL),
(150430116022, NULL, NULL, NULL),
(150430116023, NULL, NULL, NULL),
(150430116024, NULL, NULL, NULL),
(150430116026, NULL, NULL, NULL),
(150430116027, NULL, NULL, NULL),
(150430116028, NULL, NULL, NULL),
(150430116029, NULL, NULL, NULL),
(150430116030, NULL, NULL, NULL),
(150430116031, NULL, NULL, NULL),
(150430116032, NULL, NULL, NULL),
(150430116033, NULL, NULL, NULL),
(150430116034, NULL, NULL, NULL),
(150430116035, NULL, NULL, NULL),
(150430116036, NULL, NULL, NULL),
(150430116038, NULL, NULL, NULL),
(150430116040, NULL, NULL, NULL),
(150430116041, NULL, NULL, NULL),
(150430116042, NULL, NULL, NULL),
(150430116043, NULL, NULL, NULL),
(150430116044, NULL, NULL, NULL),
(150430116045, NULL, NULL, NULL),
(150430116046, NULL, NULL, NULL),
(150430116047, NULL, NULL, NULL),
(150430116048, NULL, NULL, NULL),
(150430116049, NULL, NULL, NULL),
(150430116050, NULL, NULL, NULL),
(150430116051, NULL, NULL, NULL),
(150430116052, NULL, NULL, NULL),
(150430116053, NULL, NULL, NULL),
(150430116054, NULL, NULL, NULL),
(150430116055, NULL, NULL, NULL),
(150430116056, NULL, NULL, NULL),
(150430116057, NULL, NULL, NULL),
(150430116058, NULL, NULL, NULL),
(150430116059, NULL, NULL, NULL),
(150430116060, NULL, NULL, NULL),
(150430116061, NULL, NULL, NULL),
(150430116062, NULL, NULL, NULL),
(150430116063, NULL, NULL, NULL),
(150430116064, NULL, NULL, NULL),
(150430116065, NULL, NULL, NULL),
(150430116066, NULL, NULL, NULL),
(150430116068, NULL, NULL, NULL),
(150430116069, NULL, NULL, NULL),
(150430116070, NULL, NULL, NULL),
(150430116071, NULL, NULL, NULL),
(150430116073, NULL, NULL, NULL),
(150430116074, NULL, NULL, NULL),
(150430116075, NULL, NULL, NULL),
(150430116076, NULL, NULL, NULL),
(150430116077, NULL, NULL, NULL),
(150430116078, NULL, NULL, NULL),
(150430116079, NULL, NULL, NULL),
(150430116080, NULL, NULL, NULL),
(150430116081, NULL, NULL, NULL),
(150430116082, NULL, NULL, NULL),
(150430116083, NULL, NULL, NULL),
(150430116084, NULL, NULL, NULL),
(150430116085, NULL, NULL, NULL),
(150430116086, NULL, NULL, NULL),
(150430116087, NULL, NULL, NULL),
(150430116088, NULL, NULL, NULL),
(150430116089, NULL, NULL, NULL),
(150430116090, NULL, NULL, NULL),
(150430116093, NULL, NULL, NULL),
(150430116094, NULL, NULL, NULL),
(150430116095, NULL, NULL, NULL),
(150430116096, NULL, NULL, NULL),
(150430116097, NULL, NULL, NULL),
(150430116098, NULL, NULL, NULL),
(150430116099, NULL, NULL, NULL),
(150430116100, NULL, NULL, NULL),
(150430116101, NULL, NULL, NULL),
(150430116103, NULL, NULL, NULL),
(150430116104, NULL, NULL, NULL),
(150430116106, NULL, NULL, NULL),
(150430116107, NULL, NULL, NULL),
(150430116108, NULL, NULL, NULL),
(150430116109, NULL, NULL, NULL),
(150430116110, NULL, NULL, NULL),
(150430116111, NULL, NULL, NULL),
(150430116113, NULL, NULL, NULL),
(150430116115, NULL, NULL, NULL),
(150430116116, NULL, NULL, NULL),
(150430116117, NULL, NULL, NULL),
(150430116118, NULL, NULL, NULL),
(150430116119, NULL, NULL, NULL),
(150430116120, NULL, NULL, NULL),
(150430116121, NULL, NULL, NULL),
(150430116122, NULL, NULL, NULL),
(150430116123, NULL, NULL, NULL),
(150430116124, NULL, NULL, NULL),
(150430116125, NULL, NULL, NULL),
(150430116126, NULL, NULL, NULL);

-- --------------------------------------------------------

--
-- Table structure for table `student`
--

CREATE TABLE `student` (
  `student_enrolment` bigint(20) NOT NULL,
  `student_name` varchar(400) NOT NULL,
  `student_semester` int(11) NOT NULL,
  `student_dept_id` int(11) NOT NULL,
  `student_adm_yr` int(11) NOT NULL,
  `batch_year` int(10) NOT NULL,
  `student_division` varchar(5) DEFAULT NULL,
  `student_batch` varchar(5) DEFAULT NULL,
  `student_email` varchar(500) DEFAULT NULL,
  `student_cellno` bigint(10) DEFAULT NULL,
  `student_password` varchar(100) NOT NULL
) ENGINE=InnoDB DEFAULT CHARSET=latin1;

--
-- Dumping data for table `student`
--

INSERT INTO `student` (`student_enrolment`, `student_name`, `student_semester`, `student_dept_id`, `student_adm_yr`, `batch_year`, `student_division`, `student_batch`, `student_email`, `student_cellno`, `student_password`) VALUES
(150430116001, 'BAMBHANIYA LALJIBHAI RAMJIBHAI', 1, 16, 2018, 2018, 'A', 'B1', 'himanshbhoraniya@gmail.com', 1234567891, '150430116001    '),
(150430116002, 'BARAIYA PURVA MANOJBHAI', 1, 16, 2018, 2018, 'A', 'B1', 'himanshbhoraniya@gmail.com', 1234567891, '150430116002    '),
(150430116003, 'BARAIYA VIRAJ HARESHBHAI', 1, 16, 2018, 2018, 'A', 'B1', 'himanshbhoraniya@gmail.com', 1234567891, '150430116003    '),
(150430116004, 'BHALANI DIVYESH KISHORBHAI', 1, 16, 2018, 2018, 'A', 'B1', 'himanshbhoraniya@gmail.com', 1234567891, '150430116004    '),
(150430116005, 'BHALANI KESHAVIBEN KISHORBHAI', 1, 16, 2018, 2018, 'A', 'B1', 'himanshbhoraniya@gmail.com', 1234567891, '150430116005    '),
(150430116006, 'BHATT BANSARI ASHOKBHAI', 1, 16, 2018, 2018, 'A', 'B1', 'himanshbhoraniya@gmail.com', 1234567891, '150430116006    '),
(150430116007, 'BHAYANI MEET MAHENDRABHAI', 1, 16, 2018, 2018, 'A', 'B1', 'himanshbhoraniya@gmail.com', 1234567891, '150430116007    '),
(150430116008, 'BHIMANI NIRMAL PARBATBHAI', 1, 16, 2018, 2018, 'A', 'B1', 'himanshbhoraniya@gmail.com', 1234567891, '150430116008    '),
(150430116009, 'BHIMANI SATYAMKUMAR MANISHBHAI', 1, 16, 2018, 2018, 'A', 'B1', 'himanshbhoraniya@gmail.com', 1234567891, '150430116009    '),
(150430116010, 'BHOYA ANKITAKUMARI', 1, 16, 2018, 2018, 'A', 'B1', 'himanshbhoraniya@gmail.com', 1234567891, '150430116010    '),
(150430116011, 'BRAHMBHATT AAKASHKUMAR', 1, 16, 2018, 2018, 'A', 'B1', 'himanshbhoraniya@gmail.com', 1234567891, '150430116011    '),
(150430116012, 'CHAUDHARI MAYURIKUMARI PRAVINBHAI', 1, 16, 2018, 2018, 'A', 'B1', 'himanshbhoraniya@gmail.com', 1234567891, '150430116012    '),
(150430116013, 'CHAUDHARI RAHULKUMAR KANUBHAI', 1, 16, 2018, 2018, 'A', 'B1', 'himanshbhoraniya@gmail.com', 1234567891, '150430116013    '),
(150430116014, 'CHAUDHARI TEJAS NANSINGBHAI', 1, 16, 2018, 2018, 'A', 'B1', 'himanshbhoraniya@gmail.com', 1234567891, '150430116014    '),
(150430116015, 'CHAUHAN GOPALBHAI', 1, 16, 2018, 2018, 'A', 'B1', 'himanshbhoraniya@gmail.com', 1234567891, '150430116015    '),
(150430116016, 'CHAVDA DARSHITA CHETANKUMAR', 1, 16, 2018, 2018, 'A', 'B1', 'himanshbhoraniya@gmail.com', 1234567891, '150430116016    '),
(150430116017, 'CHUDASAMA PARTH KIRITBHAI', 1, 16, 2018, 2018, 'A', 'B1', 'himanshbhoraniya@gmail.com', 1234567891, '150430116017    '),
(150430116019, 'DANGAR JANAKKUMAR BHUPATBHAI', 1, 16, 2018, 2018, 'A', 'B1', 'himanshbhoraniya@gmail.com', 1234567891, '150430116019    '),
(150430116020, 'DELVADIYA VISHALBHAI MANSUKHBHAI', 1, 16, 2018, 2018, 'A', 'B1', 'himanshbhoraniya@gmail.com', 1234567891, '150430116020    '),
(150430116021, 'DESAI BHARGAVBHAI BABUBHAI', 1, 16, 2018, 2018, 'A', 'B1', 'himanshbhoraniya@gmail.com', 1234567891, '150430116021    '),
(150430116022, 'DESAI JAYESH CHHAGANBHAI', 1, 16, 2018, 2018, 'A', 'B1', 'himanshbhoraniya@gmail.com', 1234567891, '150430116022    '),
(150430116023, 'DESAI MOHIT MADHUBHAI', 1, 16, 2018, 2018, 'A', 'B1', 'himanshbhoraniya@gmail.com', 1234567891, '150430116023    '),
(150430116024, 'DEVANI PARTH GORDHANBHAI', 1, 16, 2018, 2018, 'A', 'B1', 'himanshbhoraniya@gmail.com', 1234567891, '150430116024    '),
(150430116026, 'DODIYA VILASBEN HAJABHAI', 1, 16, 2018, 2018, 'A', 'B1', 'himanshbhoraniya@gmail.com', 1234567891, '150430116026    '),
(150430116027, 'DONDA ANKITKUMAR VRAJLAL', 1, 16, 2018, 2018, 'A', 'B1', 'himanshbhoraniya@gmail.com', 1234567891, '150430116027    '),
(150430116028, 'GAJIPARA KISHAN PRAKASHBHAI', 1, 16, 2018, 2018, 'A', 'B2', 'himanshbhoraniya@gmail.com', 1234567891, '150430116028    '),
(150430116029, 'GAMIT AVINASHBHAI SANMUKHBHAI', 1, 16, 2018, 2018, 'A', 'B2', 'himanshbhoraniya@gmail.com', 1234567891, '150430116029    '),
(150430116030, 'GAMIT KRUNAL RAJESHBHAI', 1, 16, 2018, 2018, 'A', 'B2', 'himanshbhoraniya@gmail.com', 1234567891, '150430116030    '),
(150430116031, 'GAMIT TRUPTIBEN TARSINGBHAI', 1, 16, 2018, 2018, 'A', 'B2', 'himanshbhoraniya@gmail.com', 1234567891, '150430116031    '),
(150430116032, 'GANVIT PARIMALKUMAR ARVINDBHAI', 1, 16, 2018, 2018, 'A', 'B2', 'himanshbhoraniya@gmail.com', 1234567891, '150430116032    '),
(150430116033, 'GAUSVAMI TULSIBEN DILIPGIRI', 1, 16, 2018, 2018, 'A', 'B2', 'himanshbhoraniya@gmail.com', 1234567891, '150430116033    '),
(150430116034, 'GEDIYA SHANTIKUMAR BHANABHAI', 1, 16, 2018, 2018, 'A', 'B2', 'himanshbhoraniya@gmail.com', 1234567891, '150430116034    '),
(150430116035, 'GHORI ASHISHKUMAR', 1, 16, 2018, 2018, 'A', 'B2', 'himanshbhoraniya@gmail.com', 1234567891, '150430116035    '),
(150430116036, 'GOHEL POOJABEN RAJUBHAI', 1, 16, 2018, 2018, 'A', 'B2', 'himanshbhoraniya@gmail.com', 1234567891, '150430116036    '),
(150430116038, 'GOYANI ATULBHAI KALUBHAI', 1, 16, 2018, 2018, 'A', 'B2', 'himanshbhoraniya@gmail.com', 1234567891, '150430116038    '),
(150430116040, 'HARKHANI KEVALKUMAR BHARATBHAI', 1, 16, 2018, 2018, 'A', 'B2', 'himanshbhoraniya@gmail.com', 1234567891, '150430116040    '),
(150430116041, 'HIMANSHU', 1, 16, 2018, 0, NULL, NULL, 'himanshbhoraniya@gmail.com', 1234567891, '150430116041    '),
(150430116042, 'ITALIYA MIRALBAHEN MOHANBHAI', 1, 16, 2018, 2018, 'A', 'B2', 'himanshbhoraniya@gmail.com', 1234567891, '150430116042    '),
(150430116043, 'JANI KAUSHA PARESHBHAI', 1, 16, 2018, 2018, 'A', 'B2', 'himanshbhoraniya@gmail.com', 1234567891, '150430116043    '),
(150430116044, 'JANI SHREYA KAMLESHBHAI', 1, 16, 2018, 2018, 'A', 'B2', 'himanshbhoraniya@gmail.com', 1234567891, '150430116044    '),
(150430116045, 'JADEJA JAYDEEPSINH PRADHYUMANSINH', 1, 16, 2018, 2018, 'A', 'B2', 'himanshbhoraniya@gmail.com', 1234567891, '150430116045    '),
(150430116046, 'JAYDEEP DODIYA', 1, 16, 2018, 2018, 'A', 'B2', 'himanshbhoraniya@gmail.com', 1234567891, '150430116046    '),
(150430116047, 'JIVANI RAVI TULASHIBHAI', 1, 16, 2018, 2018, 'A', 'B2', 'himanshbhoraniya@gmail.com', 1234567891, '150430116047    '),
(150430116048, 'JOSHI MADHAVI GAURISHANKAR', 1, 16, 2018, 2018, 'A', 'B2', 'himanshbhoraniya@gmail.com', 1234567891, '150430116048    '),
(150430116049, 'KADAM JAYKUMAR SITARAM', 1, 16, 2018, 2018, 'A', 'B2', 'himanshbhoraniya@gmail.com', 1234567891, '150430116049    '),
(150430116050, 'KAKADIYA MOHIT NARENDRABHAI', 1, 16, 2018, 2018, 'A', 'B2', 'himanshbhoraniya@gmail.com', 1234567891, '150430116050    '),
(150430116051, 'KALTHIYA AVANI BABUBHAI', 1, 16, 2018, 2018, 'A', 'B2', 'himanshbhoraniya@gmail.com', 1234567891, '150430116051    '),
(150430116052, 'KATAKIYA JAYDEEP SHANTILAL', 1, 16, 2018, 2018, 'A', 'B2', 'himanshbhoraniya@gmail.com', 1234567891, '150430116052    '),
(150430116053, 'KATHROTIYA MAULIK CHATURBHAI', 1, 16, 2018, 2018, 'A', 'B2', 'himanshbhoraniya@gmail.com', 1234567891, '150430116053    '),
(150430116054, 'KATRODIYA LEMINBHAI GHANSHYAMBHAI', 1, 16, 2018, 2018, 'A', 'B2', 'himanshbhoraniya@gmail.com', 1234567891, '150430116054    '),
(150430116055, 'KATRODIYA MEHULKUMAR RAMESHBHAI', 1, 16, 2018, 2018, 'A', 'B2', 'himanshbhoraniya@gmail.com', 1234567891, '150430116055    '),
(150430116056, 'KATRODIYA NIKUNJKUMAR SAVAJIBHAI', 1, 16, 2018, 2018, 'A', 'B3', 'himanshbhoraniya@gmail.com', 1234567891, '150430116056    '),
(150430116057, 'KIKANI RAVIKUMAR RATILAL', 1, 16, 2018, 2018, 'A', 'B3', 'himanshbhoraniya@gmail.com', 1234567891, '150430116057    '),
(150430116058, 'KOTHARI AKSHAY LAXMANBHAI', 1, 16, 2018, 2018, 'A', 'B3', 'himanshbhoraniya@gmail.com', 1234567891, '150430116058    '),
(150430116059, 'LAKUM JIGNESHKUMAR VINUBHAI', 1, 16, 2018, 2018, 'A', 'B3', 'himanshbhoraniya@gmail.com', 1234567891, '150430116059    '),
(150430116060, 'LANGALIYA RUSHALI PARESHBHAI', 1, 16, 2018, 2018, 'A', 'B3', 'himanshbhoraniya@gmail.com', 1234567891, '150430116060    '),
(150430116061, 'LATHIYA JAYDEEP BHARATBHAI', 1, 16, 2018, 2018, 'A', 'B3', 'himanshbhoraniya@gmail.com', 1234567898, '150430116061    '),
(150430116062, 'MAIYANI SAHIL MUKESHBHAI', 1, 16, 2018, 2018, 'B', 'B3', 'himanshbhoraniya@gmail.com', 1234567891, '150430116062    '),
(150430116063, 'MAKRUBIYA UJJAVALKUMAR MANSUKHBHAI', 1, 16, 2018, 2018, 'B', 'B3', 'himanshbhoraniya@gmail.com', 1234567891, '150430116063    '),
(150430116064, 'MAKWANA AJAYKUMAR KALUBHAI', 1, 16, 2018, 2018, 'B', 'B3', 'himanshbhoraniya@gmail.com', 1234567891, '150430116064    '),
(150430116065, 'MAKWANA KISHANKUMAR DUDABHAI', 1, 16, 2018, 2018, 'B', 'B3', 'himanshbhoraniya@gmail.com', 1234567891, '150430116065    '),
(150430116066, 'MAKWANA PARASBEN', 1, 16, 2018, 2018, 'B', 'B3', 'himanshbhoraniya@gmail.com', 1234567891, '150430116066    '),
(150430116068, 'MAYUR MOHNANI', 1, 16, 2018, 2018, 'B', 'B3', 'himanshbhoraniya@gmail.com', 1234567891, '150430116068    '),
(150430116069, 'MEETHAPARA BUDHESHBHAI DILEEPBHAI', 1, 16, 2018, 2018, 'B', 'B3', 'himanshbhoraniya@gmail.com', 1234567891, '150430116069    '),
(150430116070, 'MENDPARA DIXITA DINESHBHAI', 1, 16, 2018, 2018, 'B', 'B3', 'himanshbhoraniya@gmail.com', 1234567891, '150430116070    '),
(150430116071, 'MER MOHIT BHUPATBHAI', 1, 16, 2018, 2018, 'B', 'B3', 'himanshbhoraniya@gmail.com', 1234567891, '150430116071    '),
(150430116073, 'NAKRANI UTKARSH MAHESHBHAI', 1, 16, 2018, 2018, 'B', 'B3', 'himanshbhoraniya@gmail.com', 1234567891, '150430116073    '),
(150430116074, 'NAYANI MILANKUMAR GHANSHYAMBHAI', 1, 16, 2018, 2018, 'B', 'B3', 'himanshbhoraniya@gmail.com', 1234567891, '150430116074    '),
(150430116075, 'PADIYA AMI SHAILESHBHAI', 1, 16, 2018, 2018, 'B', 'B3', 'himanshbhoraniya@gmail.com', 1234567891, '150430116075    '),
(150430116076, 'PAGHADAR BANSIKUMAR HARASUKHBHAI', 1, 16, 2018, 2018, 'B', 'B3', 'himanshbhoraniya@gmail.com', 1234567891, '150430116076    '),
(150430116077, 'PANCHANI VIRAL JAYSUKHBHAI', 1, 16, 2018, 2018, 'B', 'B3', 'himanshbhoraniya@gmail.com', 1234567891, '150430116077    '),
(150430116078, 'PANDITA AASTHA SATISH', 1, 16, 2018, 2018, 'B', 'B3', 'himanshbhoraniya@gmail.com', 1234567891, '150430116078    '),
(150430116079, 'PANDYA KRUPALIBEN DILIPBHAI', 1, 16, 2018, 2018, 'B', 'B3', 'himanshbhoraniya@gmail.com', 1234567891, '150430116079    '),
(150430116080, 'PANSURIYA PRANJALBAHEN PRAVINBHAI', 1, 16, 2018, 2018, 'B', 'B3', 'himanshbhoraniya@gmail.com', 1234567891, '150430116080    '),
(150430116081, 'PARMAR JIGNASHA BHARATBHAI', 1, 16, 2018, 2018, 'B', 'B3', 'himanshbhoraniya@gmail.com', 1234567891, '150430116081    '),
(150430116082, 'PARMAR SANJAY MUKESHBHAI', 1, 16, 2018, 2018, 'B', 'B3', 'himanshbhoraniya@gmail.com', 1234567891, '150430116082    '),
(150430116083, 'PATEL BHAVIK HARSHADBHAI', 1, 16, 2018, 2018, 'B', 'B4', 'himanshbhoraniya@gmail.com', 1234567891, '150430116083    '),
(150430116084, 'PATEL BHAVINKUMAR RAJESHBHAI', 1, 16, 2018, 2018, 'B', 'B4', 'himanshbhoraniya@gmail.com', 1234567891, '150430116084    '),
(150430116085, 'PATEL DHARMINBHAI RANJITBHAI', 1, 16, 2018, 2018, 'B', 'B4', 'himanshbhoraniya@gmail.com', 1234567891, '150430116085    '),
(150430116086, 'PATEL JINALKUMARI SATISHBHAI', 1, 16, 2018, 2018, 'B', 'B4', 'himanshbhoraniya@gmail.com', 1234567891, '150430116086    '),
(150430116087, 'PATEL JONISHKUMAR', 1, 16, 2018, 2018, 'B', 'B4', 'himanshbhoraniya@gmail.com', 1234567891, '150430116087    '),
(150430116088, 'PATEL RAHULBHAI VIPULBHAI', 1, 16, 2018, 2018, 'B', 'B4', 'himanshbhoraniya@gmail.com', 1234567891, '150430116088    '),
(150430116089, 'PATEL SAGARKUMAR RAGHAVBHAI', 1, 16, 2018, 2018, 'B', 'B4', 'himanshbhoraniya@gmail.com', 1234567891, '150430116089    '),
(150430116090, 'PATEL SHREYA VINODBHAI', 1, 16, 2018, 2018, 'B', 'B4', 'himanshbhoraniya@gmail.com', 1234567891, '150430116090    '),
(150430116093, 'PIYUSH MAHAJAN', 1, 16, 2018, 2018, 'B', 'B4', 'himanshbhoraniya@gmail.com', 1234567891, '150430116093    '),
(150430116094, 'PRAJAPATI NAMRATABEN ISHVARBHAI', 1, 16, 2018, 2018, 'B', 'B4', 'himanshbhoraniya@gmail.com', 1234567891, '150430116094    '),
(150430116095, 'PUROHIT KRUPAL ATULBHAI', 1, 16, 2018, 2018, 'B', 'B4', 'himanshbhoraniya@gmail.com', 1234567891, '150430116095    '),
(150430116096, 'RABADIYA JAYDEEPKUMAR JAMANBHAI', 1, 16, 2018, 2018, 'B', 'B4', 'himanshbhoraniya@gmail.com', 1234567892, '150430116096    '),
(150430116097, 'RATHOD RAHUL MUKESHBHAI', 1, 16, 2018, 2018, 'B', 'B4', 'himanshbhoraniya@gmail.com', 1234567893, '150430116097    '),
(150430116098, 'ROJASARA RUSHIN RAJESHBHAI', 1, 16, 2018, 2018, 'B', 'B4', 'himanshbhoraniya@gmail.com', 1234567894, '150430116098    '),
(150430116099, 'SABHADIYA VIVEKKUMAR BHARATBHAI', 1, 16, 2018, 2018, 'B', 'B4', 'himanshbhoraniya@gmail.com', 1234567895, '150430116099    '),
(150430116100, 'SANGANI MOHIT ASHVINBHAI', 1, 16, 2018, 2018, 'B', 'B4', 'himanshbhoraniya@gmail.com', 1234567896, '150430116100    '),
(150430116101, 'SARKHELIYA PARTH BHUPATBHAI', 1, 16, 2018, 2018, 'B', 'B4', 'himanshbhoraniya@gmail.com', 1234567897, '150430116101    '),
(150430116103, 'SAVALIYA HARDIKKUMAR VINUBHAI', 1, 16, 2018, 2018, 'B', 'B4', 'himanshbhoraniya@gmail.com', 1234567898, '150430116103    '),
(150430116104, 'SAVANI AKASHKUMAR KURAJIBHAI', 1, 16, 2018, 2018, 'B', 'B4', 'himanshbhoraniya@gmail.com', 1234567899, '150430116104    '),
(150430116106, 'SHELADIYA RINABEN RAJESHBHAI', 1, 16, 2018, 2018, 'B', 'B4', 'himanshbhoraniya@gmail.com', 1234567900, '150430116106    '),
(150430116107, 'SHUBHAM KUMAR PANDEY', 1, 16, 2018, 2018, 'B', 'B4', 'himanshbhoraniya@gmail.com', 1234567901, '150430116107    '),
(150430116108, 'SOLANKI JEENABHAI BALUBHAI', 1, 16, 2018, 2018, 'B', 'B4', 'himanshbhoraniya@gmail.com', 1234567902, '150430116108    '),
(150430116109, 'SOLANKI LALABHAI NARANBHAI', 1, 16, 2018, 2018, 'B', 'B4', 'himanshbhoraniya@gmail.com', 1234567903, '150430116109    '),
(150430116110, 'SOLANKI MAHESHKUMAR BABUBHAI', 1, 16, 2018, 2018, 'B', 'B4', 'himanshbhoraniya@gmail.com', 1234567904, '150430116110    '),
(150430116111, 'SOLANKI PARESHBHAI VELJIBHAI', 1, 16, 2018, 2018, 'B', 'B4', 'himanshbhoraniya@gmail.com', 1234567905, '150430116111    '),
(150430116113, 'SORATHIYA VISHALKUMAR VASANTBHAI', 1, 16, 2018, 2018, 'B', 'B4', 'himanshbhoraniya@gmail.com', 1234567906, '150430116113    '),
(150430116115, 'TAKOLIYA AVANI ANILBHAI', 1, 16, 2018, 2018, 'B', 'B4', 'himanshbhoraniya@gmail.com', 1234567907, '150430116115    '),
(150430116116, 'TANK AMITKUMAR HARESHBHAI', 1, 16, 2018, 2018, 'B', 'B4', 'himanshbhoraniya@gmail.com', 1234567908, '150430116116    '),
(150430116117, 'THUMMAR JIGARKUMAR PRAVINBHAI', 1, 16, 2018, 2018, 'B', 'B4', 'himanshbhoraniya@gmail.com', 1234567909, '150430116117    '),
(150430116118, 'TIWARI ROHIT SHASHIKANT', 1, 16, 2018, 2018, 'B', 'B4', 'himanshbhoraniya@gmail.com', 1234567910, '150430116118    '),
(150430116119, 'TRIVEDI MEGHANA', 1, 16, 2018, 2018, 'B', 'B4', 'himanshbhoraniya@gmail.com', 1234567911, '150430116119    '),
(150430116120, 'VADHEL PARTH PRADIPBHAI', 1, 16, 2018, 2018, 'B', 'B4', 'himanshbhoraniya@gmail.com', 1234567912, '150430116120    '),
(150430116121, 'VADHER MAULIKKUMAR UKABHAI', 1, 16, 2018, 2018, 'B', 'B4', 'himanshbhoraniya@gmail.com', 1234567913, '150430116121    '),
(150430116122, 'VAGHANI HARDIK RAMESHBHAI', 1, 16, 2018, 2018, 'B', 'B4', 'himanshbhoraniya@gmail.com', 1234567914, '150430116122    '),
(150430116123, 'VAGHELA NITABEN PREMJIBHAI', 1, 16, 2018, 2018, 'B', 'B4', 'himanshbhoraniya@gmail.com', 1234567915, '150430116123    '),
(150430116124, 'VIRADIYA MEET ASHVINBHAI', 1, 16, 2018, 2018, 'B', 'B4', 'himanshbhoraniya@gmail.com', 1234567916, '150430116124    '),
(150430116125, 'VIRADIYA MILAN HIMMATBHAI', 1, 16, 2018, 2018, 'B', 'B4', 'himanshbhoraniya@gmail.com', 1234567917, '150430116125    '),
(150430116126, 'YADAV BHAVIKKUMAR JAYESHBHAI', 1, 16, 2018, 2018, 'B', 'B4', 'himanshbhoraniya@gmail.com', 1234567918, '150430116126    ');

-- --------------------------------------------------------

--
-- Table structure for table `subject`
--

CREATE TABLE `subject` (
  `subject_code` int(20) NOT NULL,
  `subject_name` varchar(200) NOT NULL,
  `short_name` varchar(100) NOT NULL,
  `semester` int(10) NOT NULL,
  `dept_id` int(10) NOT NULL
) ENGINE=InnoDB DEFAULT CHARSET=latin1;

--
-- Dumping data for table `subject`
--

INSERT INTO `subject` (`subject_code`, `subject_name`, `short_name`, `semester`, `dept_id`) VALUES
(2110003, 'Computer Programming and Utilization', 'CPU', 1, 16);

-- --------------------------------------------------------

--
-- Table structure for table `subject_faculty_allocation`
--

CREATE TABLE `subject_faculty_allocation` (
  `id` bigint(20) NOT NULL,
  `subject_code` int(11) NOT NULL,
  `faculty_id` int(11) NOT NULL,
  `semester` int(10) NOT NULL,
  `dept_id` int(11) NOT NULL,
  `lecture_type` varchar(100) NOT NULL,
  `type` varchar(20) NOT NULL,
  `total_hours` int(11) NOT NULL,
  `expected_total_lecture` int(11) NOT NULL
) ENGINE=InnoDB DEFAULT CHARSET=latin1;

--
-- Dumping data for table `subject_faculty_allocation`
--

INSERT INTO `subject_faculty_allocation` (`id`, `subject_code`, `faculty_id`, `semester`, `dept_id`, `lecture_type`, `type`, `total_hours`, `expected_total_lecture`) VALUES
(1, 2110003, 11, 1, 16, 'theory', 'A', 4, 20);

-- --------------------------------------------------------

--
-- Table structure for table `teaching_scheme`
--

CREATE TABLE `teaching_scheme` (
  `id` int(11) NOT NULL,
  `subject_code` int(11) NOT NULL,
  `total_theory` int(11) NOT NULL,
  `total_practical` int(11) NOT NULL,
  `semester` int(11) NOT NULL,
  `dept_id` int(11) NOT NULL
) ENGINE=InnoDB DEFAULT CHARSET=latin1;

--
-- Dumping data for table `teaching_scheme`
--

INSERT INTO `teaching_scheme` (`id`, `subject_code`, `total_theory`, `total_practical`, `semester`, `dept_id`) VALUES
(1, 2110003, 4, 2, 1, 16);

-- --------------------------------------------------------

--
-- Table structure for table `term_duration`
--

CREATE TABLE `term_duration` (
  `id` int(11) NOT NULL,
  `semester` int(11) NOT NULL,
  `batch_year` int(11) NOT NULL,
  `start_date` date NOT NULL,
  `end_date` date NOT NULL,
  `dept_id` int(11) NOT NULL
) ENGINE=InnoDB DEFAULT CHARSET=latin1;

--
-- Dumping data for table `term_duration`
--

INSERT INTO `term_duration` (`id`, `semester`, `batch_year`, `start_date`, `end_date`, `dept_id`) VALUES
(1, 1, 2018, '2018-07-12', '2018-07-31', 16);

-- --------------------------------------------------------

--
-- Table structure for table `track_practical_hour`
--

CREATE TABLE `track_practical_hour` (
  `id` int(11) NOT NULL,
  `subject_code` int(11) NOT NULL,
  `total_practical` int(11) NOT NULL,
  `type` varchar(20) NOT NULL
) ENGINE=InnoDB DEFAULT CHARSET=latin1;

--
-- Dumping data for table `track_practical_hour`
--

INSERT INTO `track_practical_hour` (`id`, `subject_code`, `total_practical`, `type`) VALUES
(1, 2110003, 2, 'B1'),
(2, 2110003, 2, 'B2'),
(3, 2110003, 2, 'B3'),
(4, 2110003, 2, 'B4'),
(5, 2110003, 2, 'B5'),
(6, 2110003, 2, 'B6'),
(7, 2160707, 2, 'B1'),
(8, 2160707, 2, 'B2'),
(9, 2160707, 2, 'B3'),
(10, 2160707, 2, 'B4'),
(11, 2160707, 2, 'B5'),
(12, 2160707, 2, 'B6');

-- --------------------------------------------------------

--
-- Table structure for table `track_theory_hour`
--

CREATE TABLE `track_theory_hour` (
  `id` int(11) NOT NULL,
  `subject_code` int(11) NOT NULL,
  `total_theory` int(11) NOT NULL,
  `type` varchar(20) NOT NULL
) ENGINE=InnoDB DEFAULT CHARSET=latin1;

--
-- Dumping data for table `track_theory_hour`
--

INSERT INTO `track_theory_hour` (`id`, `subject_code`, `total_theory`, `type`) VALUES
(1, 2110003, 0, 'A'),
(2, 2110003, 4, 'B'),
(3, 2160707, 4, 'A'),
(4, 2160707, 4, 'B');

--
-- Indexes for dumped tables
--

--
-- Indexes for table `admin`
--
ALTER TABLE `admin`
  ADD PRIMARY KEY (`admin_id`),
  ADD UNIQUE KEY `admin_dept_id` (`admin_dept_id`),
  ADD UNIQUE KEY `admin_uname` (`admin_uname`);

--
-- Indexes for table `adm_yrs_eq`
--
ALTER TABLE `adm_yrs_eq`
  ADD PRIMARY KEY (`id`);

--
-- Indexes for table `attendance_of_16`
--
ALTER TABLE `attendance_of_16`
  ADD PRIMARY KEY (`id`);

--
-- Indexes for table `attendance_tb`
--
ALTER TABLE `attendance_tb`
  ADD PRIMARY KEY (`id`);

--
-- Indexes for table `basic_settings`
--
ALTER TABLE `basic_settings`
  ADD PRIMARY KEY (`id`);

--
-- Indexes for table `department`
--
ALTER TABLE `department`
  ADD PRIMARY KEY (`dept_id`);

--
-- Indexes for table `detain_stud`
--
ALTER TABLE `detain_stud`
  ADD PRIMARY KEY (`detain_id`),
  ADD KEY `enrolment` (`enrolment`);

--
-- Indexes for table `duplicate_subject_faculty_allocation`
--
ALTER TABLE `duplicate_subject_faculty_allocation`
  ADD PRIMARY KEY (`id`);

--
-- Indexes for table `faculty`
--
ALTER TABLE `faculty`
  ADD PRIMARY KEY (`faculty_id`),
  ADD UNIQUE KEY `faculty_uname` (`faculty_uname`),
  ADD UNIQUE KEY `faculty_email` (`faculty_email`),
  ADD KEY `dept_id` (`dept_id`);

--
-- Indexes for table `history_student`
--
ALTER TABLE `history_student`
  ADD PRIMARY KEY (`student_enrolment`);

--
-- Indexes for table `lecture_tb_16`
--
ALTER TABLE `lecture_tb_16`
  ADD PRIMARY KEY (`lecture_id`);

--
-- Indexes for table `sem1_16`
--
ALTER TABLE `sem1_16`
  ADD PRIMARY KEY (`enrolment`);

--
-- Indexes for table `sem1_16_r`
--
ALTER TABLE `sem1_16_r`
  ADD PRIMARY KEY (`enrolment`);

--
-- Indexes for table `sem2_16`
--
ALTER TABLE `sem2_16`
  ADD PRIMARY KEY (`enrolment`);

--
-- Indexes for table `sem2_16_r`
--
ALTER TABLE `sem2_16_r`
  ADD PRIMARY KEY (`enrolment`);

--
-- Indexes for table `sem3_16`
--
ALTER TABLE `sem3_16`
  ADD PRIMARY KEY (`enrolment`);

--
-- Indexes for table `sem3_16_r`
--
ALTER TABLE `sem3_16_r`
  ADD PRIMARY KEY (`enrolment`);

--
-- Indexes for table `sem4_16`
--
ALTER TABLE `sem4_16`
  ADD PRIMARY KEY (`enrolment`);

--
-- Indexes for table `sem4_16_r`
--
ALTER TABLE `sem4_16_r`
  ADD PRIMARY KEY (`enrolment`);

--
-- Indexes for table `sem5_16`
--
ALTER TABLE `sem5_16`
  ADD PRIMARY KEY (`enrolment`);

--
-- Indexes for table `sem5_16_r`
--
ALTER TABLE `sem5_16_r`
  ADD PRIMARY KEY (`enrolment`);

--
-- Indexes for table `sem6_16`
--
ALTER TABLE `sem6_16`
  ADD PRIMARY KEY (`enrolment`);

--
-- Indexes for table `sem6_16_r`
--
ALTER TABLE `sem6_16_r`
  ADD PRIMARY KEY (`enrolment`);

--
-- Indexes for table `sem7_16`
--
ALTER TABLE `sem7_16`
  ADD PRIMARY KEY (`enrolment`);

--
-- Indexes for table `sem7_16_r`
--
ALTER TABLE `sem7_16_r`
  ADD PRIMARY KEY (`enrolment`);

--
-- Indexes for table `sem8_16`
--
ALTER TABLE `sem8_16`
  ADD PRIMARY KEY (`enrolment`);

--
-- Indexes for table `sem8_16_r`
--
ALTER TABLE `sem8_16_r`
  ADD PRIMARY KEY (`enrolment`);

--
-- Indexes for table `student`
--
ALTER TABLE `student`
  ADD PRIMARY KEY (`student_enrolment`);

--
-- Indexes for table `subject`
--
ALTER TABLE `subject`
  ADD PRIMARY KEY (`subject_code`),
  ADD KEY `dept_id` (`dept_id`);

--
-- Indexes for table `subject_faculty_allocation`
--
ALTER TABLE `subject_faculty_allocation`
  ADD PRIMARY KEY (`id`);

--
-- Indexes for table `teaching_scheme`
--
ALTER TABLE `teaching_scheme`
  ADD PRIMARY KEY (`id`),
  ADD KEY `subject_code` (`subject_code`);

--
-- Indexes for table `term_duration`
--
ALTER TABLE `term_duration`
  ADD PRIMARY KEY (`id`);

--
-- Indexes for table `track_practical_hour`
--
ALTER TABLE `track_practical_hour`
  ADD PRIMARY KEY (`id`);

--
-- Indexes for table `track_theory_hour`
--
ALTER TABLE `track_theory_hour`
  ADD PRIMARY KEY (`id`);

--
-- AUTO_INCREMENT for dumped tables
--

--
-- AUTO_INCREMENT for table `admin`
--
ALTER TABLE `admin`
  MODIFY `admin_id` int(11) NOT NULL AUTO_INCREMENT, AUTO_INCREMENT=2;
--
-- AUTO_INCREMENT for table `adm_yrs_eq`
--
ALTER TABLE `adm_yrs_eq`
  MODIFY `id` int(11) NOT NULL AUTO_INCREMENT, AUTO_INCREMENT=2;
--
-- AUTO_INCREMENT for table `attendance_of_16`
--
ALTER TABLE `attendance_of_16`
  MODIFY `id` bigint(20) NOT NULL AUTO_INCREMENT, AUTO_INCREMENT=113;
--
-- AUTO_INCREMENT for table `attendance_tb`
--
ALTER TABLE `attendance_tb`
  MODIFY `id` int(11) NOT NULL AUTO_INCREMENT;
--
-- AUTO_INCREMENT for table `basic_settings`
--
ALTER TABLE `basic_settings`
  MODIFY `id` int(11) NOT NULL AUTO_INCREMENT, AUTO_INCREMENT=2;
--
-- AUTO_INCREMENT for table `detain_stud`
--
ALTER TABLE `detain_stud`
  MODIFY `detain_id` int(11) NOT NULL AUTO_INCREMENT, AUTO_INCREMENT=2;
--
-- AUTO_INCREMENT for table `duplicate_subject_faculty_allocation`
--
ALTER TABLE `duplicate_subject_faculty_allocation`
  MODIFY `id` int(11) NOT NULL AUTO_INCREMENT, AUTO_INCREMENT=2;
--
-- AUTO_INCREMENT for table `faculty`
--
ALTER TABLE `faculty`
  MODIFY `faculty_id` int(11) NOT NULL AUTO_INCREMENT, AUTO_INCREMENT=12;
--
-- AUTO_INCREMENT for table `lecture_tb_16`
--
ALTER TABLE `lecture_tb_16`
  MODIFY `lecture_id` bigint(20) NOT NULL AUTO_INCREMENT, AUTO_INCREMENT=3;
--
-- AUTO_INCREMENT for table `subject_faculty_allocation`
--
ALTER TABLE `subject_faculty_allocation`
  MODIFY `id` bigint(20) NOT NULL AUTO_INCREMENT, AUTO_INCREMENT=2;
--
-- AUTO_INCREMENT for table `teaching_scheme`
--
ALTER TABLE `teaching_scheme`
  MODIFY `id` int(11) NOT NULL AUTO_INCREMENT, AUTO_INCREMENT=2;
--
-- AUTO_INCREMENT for table `term_duration`
--
ALTER TABLE `term_duration`
  MODIFY `id` int(11) NOT NULL AUTO_INCREMENT, AUTO_INCREMENT=2;
--
-- AUTO_INCREMENT for table `track_practical_hour`
--
ALTER TABLE `track_practical_hour`
  MODIFY `id` int(11) NOT NULL AUTO_INCREMENT, AUTO_INCREMENT=13;
--
-- AUTO_INCREMENT for table `track_theory_hour`
--
ALTER TABLE `track_theory_hour`
  MODIFY `id` int(11) NOT NULL AUTO_INCREMENT, AUTO_INCREMENT=5;
--
-- Constraints for dumped tables
--

--
-- Constraints for table `admin`
--
ALTER TABLE `admin`
  ADD CONSTRAINT `admin_ibfk_1` FOREIGN KEY (`admin_dept_id`) REFERENCES `department` (`dept_id`) ON DELETE CASCADE ON UPDATE CASCADE;

--
-- Constraints for table `detain_stud`
--
ALTER TABLE `detain_stud`
  ADD CONSTRAINT `detain_stud_ibfk_1` FOREIGN KEY (`enrolment`) REFERENCES `student` (`student_enrolment`) ON DELETE CASCADE ON UPDATE CASCADE;

--
-- Constraints for table `faculty`
--
ALTER TABLE `faculty`
  ADD CONSTRAINT `faculty_ibfk_1` FOREIGN KEY (`dept_id`) REFERENCES `department` (`dept_id`) ON DELETE CASCADE ON UPDATE CASCADE;

--
-- Constraints for table `teaching_scheme`
--
ALTER TABLE `teaching_scheme`
  ADD CONSTRAINT `teaching_scheme_ibfk_1` FOREIGN KEY (`subject_code`) REFERENCES `subject` (`subject_code`) ON DELETE CASCADE ON UPDATE CASCADE;
COMMIT;

/*!40101 SET CHARACTER_SET_CLIENT=@OLD_CHARACTER_SET_CLIENT */;
/*!40101 SET CHARACTER_SET_RESULTS=@OLD_CHARACTER_SET_RESULTS */;
/*!40101 SET COLLATION_CONNECTION=@OLD_COLLATION_CONNECTION */;
