-- MySQL dump 10.13  Distrib 5.7.17, for Win64 (x86_64)
--
-- Host: 127.0.0.1    Database: college
-- ------------------------------------------------------
-- Server version	5.5.5-10.1.13-MariaDB

/*!40101 SET @OLD_CHARACTER_SET_CLIENT=@@CHARACTER_SET_CLIENT */;
/*!40101 SET @OLD_CHARACTER_SET_RESULTS=@@CHARACTER_SET_RESULTS */;
/*!40101 SET @OLD_COLLATION_CONNECTION=@@COLLATION_CONNECTION */;
/*!40101 SET NAMES utf8 */;
/*!40103 SET @OLD_TIME_ZONE=@@TIME_ZONE */;
/*!40103 SET TIME_ZONE='+00:00' */;
/*!40014 SET @OLD_UNIQUE_CHECKS=@@UNIQUE_CHECKS, UNIQUE_CHECKS=0 */;
/*!40014 SET @OLD_FOREIGN_KEY_CHECKS=@@FOREIGN_KEY_CHECKS, FOREIGN_KEY_CHECKS=0 */;
/*!40101 SET @OLD_SQL_MODE=@@SQL_MODE, SQL_MODE='NO_AUTO_VALUE_ON_ZERO' */;
/*!40111 SET @OLD_SQL_NOTES=@@SQL_NOTES, SQL_NOTES=0 */;

--
-- Table structure for table `adm_yrs_eq`
--

DROP TABLE IF EXISTS `adm_yrs_eq`;
/*!40101 SET @saved_cs_client     = @@character_set_client */;
/*!40101 SET character_set_client = utf8 */;
CREATE TABLE `adm_yrs_eq` (
  `id` int(11) NOT NULL AUTO_INCREMENT,
  `year` int(11) NOT NULL,
  `status` varchar(200) NOT NULL,
  PRIMARY KEY (`id`)
) ENGINE=InnoDB AUTO_INCREMENT=2 DEFAULT CHARSET=latin1;
/*!40101 SET character_set_client = @saved_cs_client */;

--
-- Dumping data for table `adm_yrs_eq`
--

LOCK TABLES `adm_yrs_eq` WRITE;
/*!40000 ALTER TABLE `adm_yrs_eq` DISABLE KEYS */;
INSERT INTO `adm_yrs_eq` VALUES (1,2015,'running');
/*!40000 ALTER TABLE `adm_yrs_eq` ENABLE KEYS */;
UNLOCK TABLES;

--
-- Table structure for table `admin`
--

DROP TABLE IF EXISTS `admin`;
/*!40101 SET @saved_cs_client     = @@character_set_client */;
/*!40101 SET character_set_client = utf8 */;
CREATE TABLE `admin` (
  `admin_id` int(11) NOT NULL AUTO_INCREMENT,
  `admin_uname` varchar(300) NOT NULL,
  `admin_pass` varchar(300) NOT NULL,
  `admin_fname` varchar(400) NOT NULL,
  `admin_dept_id` int(11) NOT NULL,
  PRIMARY KEY (`admin_id`),
  UNIQUE KEY `admin_dept_id` (`admin_dept_id`),
  UNIQUE KEY `admin_uname` (`admin_uname`),
  CONSTRAINT `admin_ibfk_1` FOREIGN KEY (`admin_dept_id`) REFERENCES `department` (`dept_id`) ON DELETE CASCADE ON UPDATE CASCADE
) ENGINE=InnoDB AUTO_INCREMENT=2 DEFAULT CHARSET=latin1;
/*!40101 SET character_set_client = @saved_cs_client */;

--
-- Dumping data for table `admin`
--

LOCK TABLES `admin` WRITE;
/*!40000 ALTER TABLE `admin` DISABLE KEYS */;
INSERT INTO `admin` VALUES (1,'q','q','Arvind Meniya',16);
/*!40000 ALTER TABLE `admin` ENABLE KEYS */;
UNLOCK TABLES;

--
-- Table structure for table `attendance_of_16`
--

DROP TABLE IF EXISTS `attendance_of_16`;
/*!40101 SET @saved_cs_client     = @@character_set_client */;
/*!40101 SET character_set_client = utf8 */;
CREATE TABLE `attendance_of_16` (
  `id` bigint(20) NOT NULL AUTO_INCREMENT,
  `enrolment` bigint(20) NOT NULL,
  `lecture_id` bigint(20) NOT NULL,
  `is_present` tinyint(1) NOT NULL,
  PRIMARY KEY (`id`)
) ENGINE=InnoDB AUTO_INCREMENT=341 DEFAULT CHARSET=latin1;
/*!40101 SET character_set_client = @saved_cs_client */;

--
-- Dumping data for table `attendance_of_16`
--

LOCK TABLES `attendance_of_16` WRITE;
/*!40000 ALTER TABLE `attendance_of_16` DISABLE KEYS */;
INSERT INTO `attendance_of_16` VALUES (1,150430116001,1,0),(2,150430116002,1,1),(3,150430116003,1,1),(4,150430116004,1,0),(5,150430116005,1,1),(6,150430116006,1,1),(7,150430116007,1,1),(8,150430116008,1,1),(9,150430116009,1,1),(10,150430116010,1,1),(11,150430116011,1,1),(12,150430116012,1,1),(13,150430116013,1,1),(14,150430116014,1,1),(15,150430116015,1,1),(16,150430116016,1,1),(17,150430116017,1,1),(18,150430116019,1,1),(19,150430116020,1,1),(20,150430116021,1,1),(21,150430116022,1,1),(22,150430116023,1,1),(23,150430116024,1,1),(24,150430116026,1,1),(25,150430116027,1,1),(26,150430116028,1,1),(27,150430116029,1,1),(28,150430116030,1,1),(29,150430116031,1,1),(30,150430116032,1,1),(31,150430116033,1,1),(32,150430116034,1,1),(33,150430116035,1,1),(34,150430116036,1,1),(35,150430116038,1,1),(36,150430116040,1,1),(37,150430116041,1,1),(38,150430116042,1,1),(39,150430116043,1,1),(40,150430116044,1,1),(41,150430116045,1,1),(42,150430116046,1,1),(43,150430116047,1,1),(44,150430116048,1,1),(45,150430116049,1,1),(46,150430116050,1,1),(47,150430116051,1,1),(48,150430116052,1,1),(49,150430116053,1,1),(50,150430116054,1,1),(51,150430116055,1,1),(52,150430116056,1,1),(53,150430116057,1,1),(54,150430116058,1,1),(55,150430116059,1,1),(56,150430116060,1,1),(57,150430116061,1,1),(58,150430116062,1,1),(59,150430116063,1,1),(60,150430116064,1,1),(61,150430116065,1,1),(62,150430116066,1,1),(63,150430116068,1,1),(64,150430116069,1,1),(65,150430116070,1,1),(66,150430116071,1,1),(67,150430116073,1,1),(68,150430116074,1,1),(69,150430116075,1,1),(70,150430116076,1,1),(71,150430116050,2,1),(72,150430116051,2,1),(73,150430116052,2,1),(74,150430116053,2,1),(75,150430116054,2,1),(76,150430116055,2,1),(77,150430116056,2,1),(78,150430116057,2,1),(79,150430116058,2,1),(80,150430116059,2,1),(81,150430116060,2,1),(82,150430116061,2,1),(83,150430116062,2,1),(84,150430116063,2,1),(85,150430116064,2,1),(86,150430116065,2,1),(87,150430116066,2,1),(88,150430116068,2,1),(89,150430116069,2,1),(90,150430116070,2,1),(91,150430116071,2,1),(92,150430116073,2,1),(93,150430116074,2,1),(94,150430116075,2,1),(95,150430116076,2,1),(96,150430116077,2,1),(97,150430116078,2,1),(98,150430116079,2,1),(99,150430116080,2,1),(100,150430116081,2,1),(101,150430116001,3,1),(102,150430116002,3,1),(103,150430116003,3,1),(104,150430116004,3,1),(105,150430116005,3,1),(106,150430116006,3,1),(107,150430116007,3,1),(108,150430116008,3,1),(109,150430116009,3,1),(110,150430116010,3,1),(111,150430116011,3,1),(112,150430116012,3,1),(113,150430116013,3,1),(114,150430116014,3,1),(115,150430116015,3,1),(116,150430116016,3,1),(117,150430116017,3,1),(118,150430116019,3,1),(119,150430116020,3,1),(120,150430116021,3,1),(121,150430116022,3,1),(122,150430116023,3,1),(123,150430116024,3,1),(124,150430116026,3,1),(125,150430116027,3,1),(126,150430116028,3,1),(127,150430116029,3,1),(128,150430116030,3,1),(129,150430116031,3,1),(130,150430116032,3,1),(131,150430116033,3,1),(132,150430116034,3,1),(133,150430116035,3,1),(134,150430116036,3,1),(135,150430116038,3,1),(136,150430116040,3,1),(137,150430116041,3,1),(138,150430116042,3,1),(139,150430116043,3,1),(140,150430116044,3,1),(141,150430116045,3,1),(142,150430116046,3,1),(143,150430116047,3,1),(144,150430116048,3,1),(145,150430116049,3,1),(146,150430116050,3,1),(147,150430116051,3,1),(148,150430116052,3,1),(149,150430116053,3,1),(150,150430116054,3,1),(151,150430116055,3,1),(152,150430116056,3,1),(153,150430116057,3,1),(154,150430116058,3,1),(155,150430116059,3,1),(156,150430116060,3,1),(157,150430116061,3,1),(158,150430116062,3,1),(159,150430116063,3,1),(160,150430116064,3,1),(161,150430116065,3,1),(162,150430116066,3,1),(163,150430116068,3,1),(164,150430116069,3,1),(165,150430116070,3,1),(166,150430116071,3,1),(167,150430116073,3,1),(168,150430116074,3,1),(169,150430116075,3,1),(170,150430116076,3,1),(171,150430116001,3,1),(172,150430116002,3,1),(173,150430116003,3,1),(174,150430116004,3,1),(175,150430116005,3,1),(176,150430116006,3,1),(177,150430116007,3,1),(178,150430116008,3,1),(179,150430116009,3,1),(180,150430116010,3,1),(181,150430116011,3,1),(182,150430116012,3,1),(183,150430116013,3,1),(184,150430116014,3,1),(185,150430116015,3,1),(186,150430116016,3,1),(187,150430116017,3,1),(188,150430116019,3,1),(189,150430116020,3,1),(190,150430116021,3,1),(191,150430116022,3,1),(192,150430116023,3,1),(193,150430116024,3,1),(194,150430116026,3,1),(195,150430116027,3,1),(196,150430116028,3,1),(197,150430116029,3,1),(198,150430116030,3,1),(199,150430116031,3,1),(200,150430116032,3,1),(201,150430116033,3,1),(202,150430116034,3,1),(203,150430116035,3,1),(204,150430116036,3,1),(205,150430116038,3,1),(206,150430116040,3,1),(207,150430116041,3,1),(208,150430116042,3,1),(209,150430116043,3,1),(210,150430116044,3,1),(211,150430116045,3,1),(212,150430116046,3,1),(213,150430116047,3,1),(214,150430116048,3,1),(215,150430116049,3,1),(216,150430116050,3,1),(217,150430116051,3,1),(218,150430116052,3,1),(219,150430116053,3,1),(220,150430116054,3,1),(221,150430116055,3,1),(222,150430116056,3,1),(223,150430116057,3,1),(224,150430116058,3,1),(225,150430116059,3,1),(226,150430116060,3,1),(227,150430116061,3,1),(228,150430116062,3,1),(229,150430116063,3,1),(230,150430116064,3,1),(231,150430116065,3,1),(232,150430116066,3,1),(233,150430116068,3,1),(234,150430116069,3,1),(235,150430116070,3,1),(236,150430116071,3,1),(237,150430116073,3,1),(238,150430116074,3,1),(239,150430116075,3,1),(240,150430116076,3,1),(241,150430116001,4,0),(242,150430116002,4,0),(243,150430116003,4,0),(244,150430116004,4,1),(245,150430116005,4,1),(246,150430116006,4,1),(247,150430116007,4,0),(248,150430116008,4,0),(249,150430116009,4,1),(250,150430116010,4,1),(251,150430116011,4,1),(252,150430116012,4,1),(253,150430116013,4,1),(254,150430116014,4,1),(255,150430116015,4,1),(256,150430116016,4,1),(257,150430116017,4,1),(258,150430116019,4,1),(259,150430116020,4,1),(260,150430116021,4,1),(261,150430116022,4,1),(262,150430116023,4,1),(263,150430116024,4,1),(264,150430116026,4,1),(265,150430116027,4,1),(266,150430116028,4,1),(267,150430116029,4,1),(268,150430116030,4,1),(269,150430116031,4,1),(270,150430116032,4,1),(271,150430116033,4,1),(272,150430116034,4,1),(273,150430116035,4,1),(274,150430116036,4,1),(275,150430116038,4,1),(276,150430116040,4,1),(277,150430116041,4,1),(278,150430116042,4,1),(279,150430116043,4,1),(280,150430116044,4,1),(281,150430116045,4,1),(282,150430116046,4,1),(283,150430116047,4,1),(284,150430116048,4,1),(285,150430116049,4,1),(286,150430116050,4,1),(287,150430116051,4,1),(288,150430116052,4,1),(289,150430116053,4,1),(290,150430116054,4,1),(291,150430116055,4,1),(292,150430116056,4,1),(293,150430116057,4,1),(294,150430116058,4,1),(295,150430116059,4,1),(296,150430116060,4,1),(297,150430116061,4,1),(298,150430116062,4,1),(299,150430116063,4,1),(300,150430116064,4,1),(301,150430116065,4,1),(302,150430116066,4,1),(303,150430116068,4,1),(304,150430116069,4,1),(305,150430116070,4,1),(306,150430116071,4,1),(307,150430116073,4,1),(308,150430116074,4,1),(309,150430116075,4,1),(310,150430116076,4,1),(311,150430116050,5,1),(312,150430116051,5,1),(313,150430116052,5,1),(314,150430116053,5,1),(315,150430116054,5,1),(316,150430116055,5,1),(317,150430116056,5,1),(318,150430116057,5,1),(319,150430116058,5,1),(320,150430116059,5,1),(321,150430116060,5,1),(322,150430116061,5,1),(323,150430116062,5,1),(324,150430116063,5,1),(325,150430116064,5,1),(326,150430116065,5,1),(327,150430116066,5,1),(328,150430116068,5,1),(329,150430116069,5,1),(330,150430116070,5,1),(331,150430116071,5,1),(332,150430116073,5,1),(333,150430116074,5,1),(334,150430116075,5,1),(335,150430116076,5,1),(336,150430116077,5,1),(337,150430116078,5,1),(338,150430116079,5,1),(339,150430116080,5,1),(340,150430116081,5,1);
/*!40000 ALTER TABLE `attendance_of_16` ENABLE KEYS */;
UNLOCK TABLES;

--
-- Table structure for table `attendance_tb`
--

DROP TABLE IF EXISTS `attendance_tb`;
/*!40101 SET @saved_cs_client     = @@character_set_client */;
/*!40101 SET character_set_client = utf8 */;
CREATE TABLE `attendance_tb` (
  `id` int(11) NOT NULL AUTO_INCREMENT,
  `dept_id` int(11) NOT NULL,
  `att_tb_name` varchar(300) NOT NULL,
  `lecture_tb_name` varchar(300) NOT NULL,
  PRIMARY KEY (`id`),
  UNIQUE KEY `dept_id` (`dept_id`),
  CONSTRAINT `attendance_tb_ibfk_1` FOREIGN KEY (`dept_id`) REFERENCES `department` (`dept_id`) ON DELETE NO ACTION ON UPDATE NO ACTION
) ENGINE=InnoDB AUTO_INCREMENT=2 DEFAULT CHARSET=latin1;
/*!40101 SET character_set_client = @saved_cs_client */;

--
-- Dumping data for table `attendance_tb`
--

LOCK TABLES `attendance_tb` WRITE;
/*!40000 ALTER TABLE `attendance_tb` DISABLE KEYS */;
INSERT INTO `attendance_tb` VALUES (1,16,'attendance_of_16','lecture_tb_16');
/*!40000 ALTER TABLE `attendance_tb` ENABLE KEYS */;
UNLOCK TABLES;

--
-- Table structure for table `department`
--

DROP TABLE IF EXISTS `department`;
/*!40101 SET @saved_cs_client     = @@character_set_client */;
/*!40101 SET character_set_client = utf8 */;
CREATE TABLE `department` (
  `dept_id` int(11) NOT NULL,
  `dept_name` varchar(500) NOT NULL,
  PRIMARY KEY (`dept_id`)
) ENGINE=InnoDB DEFAULT CHARSET=latin1;
/*!40101 SET character_set_client = @saved_cs_client */;

--
-- Dumping data for table `department`
--

LOCK TABLES `department` WRITE;
/*!40000 ALTER TABLE `department` DISABLE KEYS */;
INSERT INTO `department` VALUES (16,'Information Technology');
/*!40000 ALTER TABLE `department` ENABLE KEYS */;
UNLOCK TABLES;

--
-- Table structure for table `detain_stud`
--

DROP TABLE IF EXISTS `detain_stud`;
/*!40101 SET @saved_cs_client     = @@character_set_client */;
/*!40101 SET character_set_client = utf8 */;
CREATE TABLE `detain_stud` (
  `detain_id` int(11) NOT NULL AUTO_INCREMENT,
  `enrolment` bigint(20) NOT NULL,
  PRIMARY KEY (`detain_id`),
  KEY `enrolment` (`enrolment`),
  CONSTRAINT `detain_stud_ibfk_1` FOREIGN KEY (`enrolment`) REFERENCES `student` (`student_enrolment`) ON DELETE CASCADE ON UPDATE CASCADE
) ENGINE=InnoDB DEFAULT CHARSET=latin1;
/*!40101 SET character_set_client = @saved_cs_client */;

--
-- Dumping data for table `detain_stud`
--

LOCK TABLES `detain_stud` WRITE;
/*!40000 ALTER TABLE `detain_stud` DISABLE KEYS */;
/*!40000 ALTER TABLE `detain_stud` ENABLE KEYS */;
UNLOCK TABLES;

--
-- Table structure for table `faculty`
--

DROP TABLE IF EXISTS `faculty`;
/*!40101 SET @saved_cs_client     = @@character_set_client */;
/*!40101 SET character_set_client = utf8 */;
CREATE TABLE `faculty` (
  `faculty_id` int(11) NOT NULL AUTO_INCREMENT,
  `faculty_fname` varchar(500) NOT NULL,
  `faculty_uname` varchar(200) NOT NULL,
  `faculty_pass` varchar(200) NOT NULL,
  `dept_id` int(11) NOT NULL,
  PRIMARY KEY (`faculty_id`),
  KEY `dept_id` (`dept_id`),
  CONSTRAINT `faculty_ibfk_1` FOREIGN KEY (`dept_id`) REFERENCES `department` (`dept_id`) ON DELETE CASCADE ON UPDATE CASCADE
) ENGINE=InnoDB AUTO_INCREMENT=10 DEFAULT CHARSET=latin1;
/*!40101 SET character_set_client = @saved_cs_client */;

--
-- Dumping data for table `faculty`
--

LOCK TABLES `faculty` WRITE;
/*!40000 ALTER TABLE `faculty` DISABLE KEYS */;
INSERT INTO `faculty` VALUES (6,'Dinesh Vaghela','dinesh','abc',16),(7,'Shardul Agravat','shardul','abc',16),(8,'Arvind Meniya','arvind','abc',16),(9,'Nishant Sangani','nishant','q',16);
/*!40000 ALTER TABLE `faculty` ENABLE KEYS */;
UNLOCK TABLES;

--
-- Table structure for table `lecture_tb_16`
--

DROP TABLE IF EXISTS `lecture_tb_16`;
/*!40101 SET @saved_cs_client     = @@character_set_client */;
/*!40101 SET character_set_client = utf8 */;
CREATE TABLE `lecture_tb_16` (
  `lecture_id` bigint(20) NOT NULL AUTO_INCREMENT,
  `date` date NOT NULL,
  `faculty_id` int(11) NOT NULL,
  `subject_code` int(11) NOT NULL,
  `type` varchar(10) NOT NULL,
  `division` varchar(2) DEFAULT NULL,
  PRIMARY KEY (`lecture_id`)
) ENGINE=InnoDB AUTO_INCREMENT=6 DEFAULT CHARSET=latin1;
/*!40101 SET character_set_client = @saved_cs_client */;

--
-- Dumping data for table `lecture_tb_16`
--

LOCK TABLES `lecture_tb_16` WRITE;
/*!40000 ALTER TABLE `lecture_tb_16` DISABLE KEYS */;
INSERT INTO `lecture_tb_16` VALUES (1,'2018-06-21',9,2160001,'theory','A'),(2,'2018-06-22',9,2160001,'practical','B3'),(3,'2018-06-22',9,2160001,'theory','A'),(4,'2018-06-23',9,2160001,'theory','A'),(5,'2018-06-23',9,2160001,'practical','B3');
/*!40000 ALTER TABLE `lecture_tb_16` ENABLE KEYS */;
UNLOCK TABLES;

--
-- Table structure for table `sem1_16_2015`
--

DROP TABLE IF EXISTS `sem1_16_2015`;
/*!40101 SET @saved_cs_client     = @@character_set_client */;
/*!40101 SET character_set_client = utf8 */;
CREATE TABLE `sem1_16_2015` (
  `enrolment` bigint(20) NOT NULL,
  `2110002_m` int(10) DEFAULT NULL,
  `2110002_r` int(10) DEFAULT NULL,
  `2110002_v` int(10) DEFAULT NULL,
  `2110003_m` int(10) DEFAULT NULL,
  `2110003_r` int(10) DEFAULT NULL,
  `2110003_v` int(10) DEFAULT NULL,
  `2110005_m` int(10) DEFAULT NULL,
  `2110005_r` int(10) DEFAULT NULL,
  `2110005_v` int(10) DEFAULT NULL,
  `2110007_m` int(10) DEFAULT NULL,
  `2110007_r` int(10) DEFAULT NULL,
  `2110007_v` int(10) DEFAULT NULL,
  `2110013_m` int(10) DEFAULT NULL,
  `2110013_r` int(10) DEFAULT NULL,
  `2110013_v` int(10) DEFAULT NULL,
  `2110014_m` int(10) DEFAULT NULL,
  `2110014_r` int(10) DEFAULT NULL,
  `2110014_v` int(10) DEFAULT NULL,
  PRIMARY KEY (`enrolment`)
) ENGINE=InnoDB DEFAULT CHARSET=latin1;
/*!40101 SET character_set_client = @saved_cs_client */;

--
-- Dumping data for table `sem1_16_2015`
--

LOCK TABLES `sem1_16_2015` WRITE;
/*!40000 ALTER TABLE `sem1_16_2015` DISABLE KEYS */;
/*!40000 ALTER TABLE `sem1_16_2015` ENABLE KEYS */;
UNLOCK TABLES;

--
-- Table structure for table `sem2_16_2015`
--

DROP TABLE IF EXISTS `sem2_16_2015`;
/*!40101 SET @saved_cs_client     = @@character_set_client */;
/*!40101 SET character_set_client = utf8 */;
CREATE TABLE `sem2_16_2015` (
  `enrolment` bigint(20) NOT NULL,
  `2110006_m` int(10) DEFAULT NULL,
  `2110006_r` int(10) DEFAULT NULL,
  `2110006_v` int(10) DEFAULT NULL,
  `2110011_m` int(10) DEFAULT NULL,
  `2110011_r` int(10) DEFAULT NULL,
  `2110011_v` int(10) DEFAULT NULL,
  `2110015_m` int(10) DEFAULT NULL,
  `2110015_r` int(10) DEFAULT NULL,
  `2110015_v` int(10) DEFAULT NULL,
  `2110016_m` int(10) DEFAULT NULL,
  `2110016_r` int(10) DEFAULT NULL,
  `2110016_v` int(10) DEFAULT NULL,
  `2110017_m` int(10) DEFAULT NULL,
  `2110017_r` int(10) DEFAULT NULL,
  `2110017_v` int(10) DEFAULT NULL,
  `2990001_m` int(10) DEFAULT NULL,
  `2990001_r` int(10) DEFAULT NULL,
  `2990001_v` int(10) DEFAULT NULL,
  PRIMARY KEY (`enrolment`)
) ENGINE=InnoDB DEFAULT CHARSET=latin1;
/*!40101 SET character_set_client = @saved_cs_client */;

--
-- Dumping data for table `sem2_16_2015`
--

LOCK TABLES `sem2_16_2015` WRITE;
/*!40000 ALTER TABLE `sem2_16_2015` DISABLE KEYS */;
/*!40000 ALTER TABLE `sem2_16_2015` ENABLE KEYS */;
UNLOCK TABLES;

--
-- Table structure for table `sem3_16_2015`
--

DROP TABLE IF EXISTS `sem3_16_2015`;
/*!40101 SET @saved_cs_client     = @@character_set_client */;
/*!40101 SET character_set_client = utf8 */;
CREATE TABLE `sem3_16_2015` (
  `enrolment` bigint(20) NOT NULL,
  `2130002_m` int(10) DEFAULT NULL,
  `2130002_r` int(10) DEFAULT NULL,
  `2130002_v` int(10) DEFAULT NULL,
  `2130004_m` int(10) DEFAULT NULL,
  `2130004_r` int(10) DEFAULT NULL,
  `2130004_v` int(10) DEFAULT NULL,
  `2130005_m` int(10) DEFAULT NULL,
  `2130005_r` int(10) DEFAULT NULL,
  `2130005_v` int(10) DEFAULT NULL,
  `2130702_m` int(10) DEFAULT NULL,
  `2130702_r` int(10) DEFAULT NULL,
  `2130702_v` int(10) DEFAULT NULL,
  `2130703_m` int(10) DEFAULT NULL,
  `2130703_r` int(10) DEFAULT NULL,
  `2130703_v` int(10) DEFAULT NULL,
  `2131004_m` int(10) DEFAULT NULL,
  `2131004_r` int(10) DEFAULT NULL,
  `2131004_v` int(10) DEFAULT NULL,
  PRIMARY KEY (`enrolment`)
) ENGINE=InnoDB DEFAULT CHARSET=latin1;
/*!40101 SET character_set_client = @saved_cs_client */;

--
-- Dumping data for table `sem3_16_2015`
--

LOCK TABLES `sem3_16_2015` WRITE;
/*!40000 ALTER TABLE `sem3_16_2015` DISABLE KEYS */;
/*!40000 ALTER TABLE `sem3_16_2015` ENABLE KEYS */;
UNLOCK TABLES;

--
-- Table structure for table `sem4_16_2015`
--

DROP TABLE IF EXISTS `sem4_16_2015`;
/*!40101 SET @saved_cs_client     = @@character_set_client */;
/*!40101 SET character_set_client = utf8 */;
CREATE TABLE `sem4_16_2015` (
  `enrolment` bigint(20) NOT NULL,
  `2140002_m` int(10) DEFAULT NULL,
  `2140002_r` int(10) DEFAULT NULL,
  `2140002_v` int(10) DEFAULT NULL,
  `2140702_m` int(10) DEFAULT NULL,
  `2140702_r` int(10) DEFAULT NULL,
  `2140702_v` int(10) DEFAULT NULL,
  `2140705_m` int(10) DEFAULT NULL,
  `2140705_r` int(10) DEFAULT NULL,
  `2140705_v` int(10) DEFAULT NULL,
  `2140706_m` int(10) DEFAULT NULL,
  `2140706_r` int(10) DEFAULT NULL,
  `2140706_v` int(10) DEFAULT NULL,
  `2140707_m` int(10) DEFAULT NULL,
  `2140707_r` int(10) DEFAULT NULL,
  `2140707_v` int(10) DEFAULT NULL,
  `2140709_m` int(10) DEFAULT NULL,
  `2140709_r` int(10) DEFAULT NULL,
  `2140709_v` int(10) DEFAULT NULL,
  PRIMARY KEY (`enrolment`)
) ENGINE=InnoDB DEFAULT CHARSET=latin1;
/*!40101 SET character_set_client = @saved_cs_client */;

--
-- Dumping data for table `sem4_16_2015`
--

LOCK TABLES `sem4_16_2015` WRITE;
/*!40000 ALTER TABLE `sem4_16_2015` DISABLE KEYS */;
/*!40000 ALTER TABLE `sem4_16_2015` ENABLE KEYS */;
UNLOCK TABLES;

--
-- Table structure for table `sem5_16_2015`
--

DROP TABLE IF EXISTS `sem5_16_2015`;
/*!40101 SET @saved_cs_client     = @@character_set_client */;
/*!40101 SET character_set_client = utf8 */;
CREATE TABLE `sem5_16_2015` (
  `enrolment` bigint(20) NOT NULL,
  `2150001_m` int(10) DEFAULT NULL,
  `2150001_r` int(10) DEFAULT NULL,
  `2150001_v` int(10) DEFAULT NULL,
  `2150002_m` int(10) DEFAULT NULL,
  `2150002_r` int(10) DEFAULT NULL,
  `2150002_v` int(10) DEFAULT NULL,
  `2150703_m` int(10) DEFAULT NULL,
  `2150703_r` int(10) DEFAULT NULL,
  `2150703_v` int(10) DEFAULT NULL,
  `2150704_m` int(10) DEFAULT NULL,
  `2150704_r` int(10) DEFAULT NULL,
  `2150704_v` int(10) DEFAULT NULL,
  `2150708_m` int(10) DEFAULT NULL,
  `2150708_r` int(10) DEFAULT NULL,
  `2150708_v` int(10) DEFAULT NULL,
  `2151603_m` int(10) DEFAULT NULL,
  `2151603_r` int(10) DEFAULT NULL,
  `2151603_v` int(10) DEFAULT NULL,
  PRIMARY KEY (`enrolment`)
) ENGINE=InnoDB DEFAULT CHARSET=latin1;
/*!40101 SET character_set_client = @saved_cs_client */;

--
-- Dumping data for table `sem5_16_2015`
--

LOCK TABLES `sem5_16_2015` WRITE;
/*!40000 ALTER TABLE `sem5_16_2015` DISABLE KEYS */;
/*!40000 ALTER TABLE `sem5_16_2015` ENABLE KEYS */;
UNLOCK TABLES;

--
-- Table structure for table `sem6_16_2015`
--

DROP TABLE IF EXISTS `sem6_16_2015`;
/*!40101 SET @saved_cs_client     = @@character_set_client */;
/*!40101 SET character_set_client = utf8 */;
CREATE TABLE `sem6_16_2015` (
  `enrolment` bigint(20) NOT NULL,
  `2160001_m` int(10) DEFAULT NULL,
  `2160001_r` int(10) DEFAULT NULL,
  `2160001_v` int(10) DEFAULT NULL,
  `2160701_m` int(10) DEFAULT NULL,
  `2160701_r` int(10) DEFAULT NULL,
  `2160701_v` int(10) DEFAULT NULL,
  `2160707_m` int(10) DEFAULT NULL,
  `2160707_r` int(10) DEFAULT NULL,
  `2160707_v` int(10) DEFAULT NULL,
  `2160708_m` int(10) DEFAULT NULL,
  `2160708_r` int(10) DEFAULT NULL,
  `2160708_v` int(10) DEFAULT NULL,
  `2160711_m` int(10) DEFAULT NULL,
  `2160711_r` int(10) DEFAULT NULL,
  `2160711_v` int(10) DEFAULT NULL,
  `2161603_m` int(10) DEFAULT NULL,
  `2161603_r` int(10) DEFAULT NULL,
  `2161603_v` int(10) DEFAULT NULL,
  PRIMARY KEY (`enrolment`)
) ENGINE=InnoDB DEFAULT CHARSET=latin1;
/*!40101 SET character_set_client = @saved_cs_client */;

--
-- Dumping data for table `sem6_16_2015`
--

LOCK TABLES `sem6_16_2015` WRITE;
/*!40000 ALTER TABLE `sem6_16_2015` DISABLE KEYS */;
/*!40000 ALTER TABLE `sem6_16_2015` ENABLE KEYS */;
UNLOCK TABLES;

--
-- Table structure for table `sem7_16_2015`
--

DROP TABLE IF EXISTS `sem7_16_2015`;
/*!40101 SET @saved_cs_client     = @@character_set_client */;
/*!40101 SET character_set_client = utf8 */;
CREATE TABLE `sem7_16_2015` (
  `enrolment` bigint(20) NOT NULL,
  `2170001_m` int(10) DEFAULT NULL,
  `2170001_r` int(10) DEFAULT NULL,
  `2170001_v` int(10) DEFAULT NULL,
  `2170709_m` int(10) DEFAULT NULL,
  `2170709_r` int(10) DEFAULT NULL,
  `2170709_v` int(10) DEFAULT NULL,
  `2170710_m` int(10) DEFAULT NULL,
  `2170710_r` int(10) DEFAULT NULL,
  `2170710_v` int(10) DEFAULT NULL,
  `2170715_m` int(10) DEFAULT NULL,
  `2170715_r` int(10) DEFAULT NULL,
  `2170715_v` int(10) DEFAULT NULL,
  `2171607_m` int(10) DEFAULT NULL,
  `2171607_r` int(10) DEFAULT NULL,
  `2171607_v` int(10) DEFAULT NULL,
  PRIMARY KEY (`enrolment`)
) ENGINE=InnoDB DEFAULT CHARSET=latin1;
/*!40101 SET character_set_client = @saved_cs_client */;

--
-- Dumping data for table `sem7_16_2015`
--

LOCK TABLES `sem7_16_2015` WRITE;
/*!40000 ALTER TABLE `sem7_16_2015` DISABLE KEYS */;
/*!40000 ALTER TABLE `sem7_16_2015` ENABLE KEYS */;
UNLOCK TABLES;

--
-- Table structure for table `sem8_16_2015`
--

DROP TABLE IF EXISTS `sem8_16_2015`;
/*!40101 SET @saved_cs_client     = @@character_set_client */;
/*!40101 SET character_set_client = utf8 */;
CREATE TABLE `sem8_16_2015` (
  `enrolment` bigint(20) NOT NULL,
  `2180703_m` int(10) DEFAULT NULL,
  `2180703_r` int(10) DEFAULT NULL,
  `2180703_v` int(10) DEFAULT NULL,
  `2180711_m` int(10) DEFAULT NULL,
  `2180711_r` int(10) DEFAULT NULL,
  `2180711_v` int(10) DEFAULT NULL,
  `2181606_m` int(10) DEFAULT NULL,
  `2181606_r` int(10) DEFAULT NULL,
  `2181606_v` int(10) DEFAULT NULL,
  PRIMARY KEY (`enrolment`)
) ENGINE=InnoDB DEFAULT CHARSET=latin1;
/*!40101 SET character_set_client = @saved_cs_client */;

--
-- Dumping data for table `sem8_16_2015`
--

LOCK TABLES `sem8_16_2015` WRITE;
/*!40000 ALTER TABLE `sem8_16_2015` DISABLE KEYS */;
/*!40000 ALTER TABLE `sem8_16_2015` ENABLE KEYS */;
UNLOCK TABLES;

--
-- Table structure for table `student`
--

DROP TABLE IF EXISTS `student`;
/*!40101 SET @saved_cs_client     = @@character_set_client */;
/*!40101 SET character_set_client = utf8 */;
CREATE TABLE `student` (
  `student_enrolment` bigint(20) NOT NULL,
  `student_name` varchar(400) NOT NULL,
  `student_semester` int(11) NOT NULL,
  `student_dept_id` int(11) NOT NULL,
  `student_adm_yr` int(11) NOT NULL,
  `batch_year` int(10) NOT NULL,
  `student_division` varchar(1) NOT NULL,
  `student_batch` varchar(5) NOT NULL,
  PRIMARY KEY (`student_enrolment`)
) ENGINE=InnoDB DEFAULT CHARSET=latin1;
/*!40101 SET character_set_client = @saved_cs_client */;

--
-- Dumping data for table `student`
--

LOCK TABLES `student` WRITE;
/*!40000 ALTER TABLE `student` DISABLE KEYS */;
INSERT INTO `student` VALUES (150430116001,'BAMBHANIYA LALJIBHAI RAMJIBHAI',6,16,2015,2015,'A','B1'),(150430116002,'BARAIYA PURVA MANOJBHAI',6,16,2015,2015,'A','B1'),(150430116003,'BARAIYA VIRAJ HARESHBHAI',6,16,2015,2015,'A','B1'),(150430116004,'BHALANI DIVYESH KISHORBHAI',6,16,2015,2015,'A','B1'),(150430116005,'BHALANI KESHAVIBEN KISHORBHAI',6,16,2015,2015,'A','B1'),(150430116006,'BHATT BANSARI ASHOKBHAI',6,16,2015,2015,'A','B1'),(150430116007,'BHAYANI MEET MAHENDRABHAI',6,16,2015,2015,'A','B1'),(150430116008,'BHIMANI NIRMAL PARBATBHAI',6,16,2015,2015,'A','B1'),(150430116009,'BHIMANI SATYAMKUMAR MANISHBHAI',6,16,2015,2015,'A','B1'),(150430116010,'BHOYA ANKITAKUMARI',6,16,2015,2015,'A','B1'),(150430116011,'BRAHMBHATT AAKASHKUMAR',6,16,2015,2015,'A','B1'),(150430116012,'CHAUDHARI MAYURIKUMARI PRAVINBHAI',6,16,2015,2015,'A','B1'),(150430116013,'CHAUDHARI RAHULKUMAR KANUBHAI',6,16,2015,2015,'A','B1'),(150430116014,'CHAUDHARI TEJAS NANSINGBHAI',6,16,2015,2015,'A','B1'),(150430116015,'CHAUHAN GOPALBHAI',6,16,2015,2015,'A','B1'),(150430116016,'CHAVDA DARSHITA CHETANKUMAR',6,16,2015,2015,'A','B1'),(150430116017,'CHUDASAMA PARTH KIRITBHAI',6,16,2015,2015,'A','B1'),(150430116019,'DANGAR JANAKKUMAR BHUPATBHAI',6,16,2015,2015,'A','B1'),(150430116020,'DELVADIYA VISHALBHAI MANSUKHBHAI',6,16,2015,2015,'A','B1'),(150430116021,'DESAI BHARGAVBHAI BABUBHAI',6,16,2015,2015,'A','B1'),(150430116022,'DESAI JAYESH CHHAGANBHAI',6,16,2015,2015,'A','B1'),(150430116023,'DESAI MOHIT MADHUBHAI',6,16,2015,2015,'A','B1'),(150430116024,'DEVANI PARTH GORDHANBHAI',6,16,2015,2015,'A','B1'),(150430116026,'DODIYA VILASBEN HAJABHAI',6,16,2015,2015,'A','B1'),(150430116027,'DONDA ANKITKUMAR VRAJLAL',6,16,2015,2015,'A','B1'),(150430116028,'GAJIPARA KISHAN PRAKASHBHAI',6,16,2015,2015,'A','B2'),(150430116029,'GAMIT AVINASHBHAI SANMUKHBHAI',6,16,2015,2015,'A','B2'),(150430116030,'GAMIT KRUNAL RAJESHBHAI',6,16,2015,2015,'A','B2'),(150430116031,'GAMIT TRUPTIBEN TARSINGBHAI',6,16,2015,2015,'A','B2'),(150430116032,'GANVIT PARIMALKUMAR ARVINDBHAI',6,16,2015,2015,'A','B2'),(150430116033,'GAUSVAMI TULSIBEN DILIPGIRI',6,16,2015,2015,'A','B2'),(150430116034,'GEDIYA SHANTIKUMAR BHANABHAI',6,16,2015,2015,'A','B2'),(150430116035,'GHORI ASHISHKUMAR',6,16,2015,2015,'A','B2'),(150430116036,'GOHEL POOJABEN RAJUBHAI',6,16,2015,2015,'A','B2'),(150430116038,'GOYANI ATULBHAI KALUBHAI',6,16,2015,2015,'A','B2'),(150430116040,'HARKHANI KEVALKUMAR BHARATBHAI',6,16,2015,2015,'A','B2'),(150430116041,'HIMANSHU',6,16,2015,2015,'A','B1'),(150430116042,'ITALIYA MIRALBAHEN MOHANBHAI',6,16,2015,2015,'A','B2'),(150430116043,'JANI KAUSHA PARESHBHAI',6,16,2015,2015,'A','B2'),(150430116044,'JANI SHREYA KAMLESHBHAI',6,16,2015,2015,'A','B2'),(150430116045,'JADEJA JAYDEEPSINH PRADHYUMANSINH',6,16,2015,2015,'A','B2'),(150430116046,'JAYDEEP DODIYA',6,16,2015,2015,'A','B2'),(150430116047,'JIVANI RAVI TULASHIBHAI',6,16,2015,2015,'A','B2'),(150430116048,'JOSHI MADHAVI GAURISHANKAR',6,16,2015,2015,'A','B2'),(150430116049,'KADAM JAYKUMAR SITARAM',6,16,2015,2015,'A','B2'),(150430116050,'KAKADIYA MOHIT NARENDRABHAI',6,16,2015,2015,'A','B3'),(150430116051,'KALTHIYA AVANI BABUBHAI',6,16,2015,2015,'A','B3'),(150430116052,'KATAKIYA JAYDEEP SHANTILAL',6,16,2015,2015,'A','B3'),(150430116053,'KATHROTIYA MAULIK CHATURBHAI',6,16,2015,2015,'A','B3'),(150430116054,'KATRODIYA LEMINBHAI GHANSHYAMBHAI',6,16,2015,2015,'A','B3'),(150430116055,'KATRODIYA MEHULKUMAR RAMESHBHAI',6,16,2015,2015,'A','B3'),(150430116056,'KATRODIYA NIKUNJKUMAR SAVAJIBHAI',6,16,2015,2015,'A','B3'),(150430116057,'KIKANI RAVIKUMAR RATILAL',6,16,2015,2015,'A','B3'),(150430116058,'KOTHARI AKSHAY LAXMANBHAI',6,16,2015,2015,'A','B3'),(150430116059,'LAKUM JIGNESHKUMAR VINUBHAI',6,16,2015,2015,'A','B3'),(150430116060,'LANGALIYA RUSHALI PARESHBHAI',6,16,2015,2015,'A','B3'),(150430116061,'LATHIYA JAYDEEP BHARATBHAI',6,16,2015,2015,'A','B3'),(150430116062,'MAIYANI SAHIL MUKESHBHAI',6,16,2015,2015,'A','B3'),(150430116063,'MAKRUBIYA UJJAVALKUMAR MANSUKHBHAI',6,16,2015,2015,'A','B3'),(150430116064,'MAKWANA AJAYKUMAR KALUBHAI',6,16,2015,2015,'A','B3'),(150430116065,'MAKWANA KISHANKUMAR DUDABHAI',6,16,2015,2015,'A','B3'),(150430116066,'MAKWANA PARASBEN',6,16,2015,2015,'A','B3'),(150430116068,'MAYUR MOHNANI',6,16,2015,2015,'A','B3'),(150430116069,'MEETHAPARA BUDHESHBHAI DILEEPBHAI',6,16,2015,2015,'A','B3'),(150430116070,'MENDPARA DIXITA DINESHBHAI',6,16,2015,2015,'A','B3'),(150430116071,'MER MOHIT BHUPATBHAI',6,16,2015,2015,'A','B3'),(150430116073,'NAKRANI UTKARSH MAHESHBHAI',6,16,2015,2015,'A','B3'),(150430116074,'NAYANI MILANKUMAR GHANSHYAMBHAI',6,16,2015,2015,'A','B3'),(150430116075,'PADIYA AMI SHAILESHBHAI',6,16,2015,2015,'A','B3'),(150430116076,'PAGHADAR BANSIKUMAR HARASUKHBHAI',6,16,2015,2015,'A','B3'),(150430116077,'PANCHANI VIRAL JAYSUKHBHAI',6,16,2015,2015,'B','B3'),(150430116078,'PANDITA AASTHA SATISH',6,16,2015,2015,'B','B3'),(150430116079,'PANDYA KRUPALIBEN DILIPBHAI',6,16,2015,2015,'B','B3'),(150430116080,'PANSURIYA PRANJALBAHEN PRAVINBHAI',6,16,2015,2015,'B','B3'),(150430116081,'PARMAR JIGNASHA BHARATBHAI',6,16,2015,2015,'B','B3'),(150430116082,'PARMAR SANJAY MUKESHBHAI',6,16,2015,2015,'B','B4'),(150430116083,'PATEL BHAVIK HARSHADBHAI',6,16,2015,2015,'B','B4'),(150430116084,'PATEL BHAVINKUMAR RAJESHBHAI',6,16,2015,2015,'B','B4'),(150430116085,'PATEL DHARMINBHAI RANJITBHAI',6,16,2015,2015,'B','B4'),(150430116086,'PATEL JINALKUMARI SATISHBHAI',6,16,2015,2015,'B','B4'),(150430116087,'PATEL JONISHKUMAR',6,16,2015,2015,'B','B4'),(150430116088,'PATEL RAHULBHAI VIPULBHAI',6,16,2015,2015,'B','B4'),(150430116089,'PATEL SAGARKUMAR RAGHAVBHAI',6,16,2015,2015,'B','B4'),(150430116090,'PATEL SHREYA VINODBHAI',6,16,2015,2015,'B','B4'),(150430116093,'PIYUSH MAHAJAN',6,16,2015,2015,'B','B4'),(150430116094,'PRAJAPATI NAMRATABEN ISHVARBHAI',6,16,2015,2015,'B','B4'),(150430116095,'PUROHIT KRUPAL ATULBHAI',6,16,2015,2015,'B','B4'),(150430116096,'RABADIYA JAYDEEPKUMAR JAMANBHAI',6,16,2015,2015,'B','B4'),(150430116097,'RATHOD RAHUL MUKESHBHAI',6,16,2015,2015,'B','B4'),(150430116098,'ROJASARA RUSHIN RAJESHBHAI',6,16,2015,2015,'B','B4'),(150430116099,'SABHADIYA VIVEKKUMAR BHARATBHAI',6,16,2015,2015,'B','B4'),(150430116100,'SANGANI MOHIT ASHVINBHAI',6,16,2015,2015,'B','B4'),(150430116101,'SARKHELIYA PARTH BHUPATBHAI',6,16,2015,2015,'B','B4'),(150430116103,'SAVALIYA HARDIKKUMAR VINUBHAI',6,16,2015,2015,'B','B4'),(150430116104,'SAVANI AKASHKUMAR KURAJIBHAI',6,16,2015,2015,'B','B4'),(150430116106,'SHELADIYA RINABEN RAJESHBHAI',6,16,2015,2015,'B','B4'),(150430116107,'SHUBHAM KUMAR PANDEY',6,16,2015,2015,'B','B4'),(150430116108,'SOLANKI JEENABHAI BALUBHAI',6,16,2015,2015,'B','B4'),(150430116109,'SOLANKI LALABHAI NARANBHAI',6,16,2015,2015,'B','B4'),(150430116110,'SOLANKI MAHESHKUMAR BABUBHAI',6,16,2015,2015,'B','B4'),(150430116111,'SOLANKI PARESHBHAI VELJIBHAI',6,16,2015,2015,'B','B4'),(150430116113,'SORATHIYA VISHALKUMAR VASANTBHAI',6,16,2015,2015,'B','B4'),(150430116115,'TAKOLIYA AVANI ANILBHAI',6,16,2015,2015,'B','B4'),(150430116116,'TANK AMITKUMAR HARESHBHAI',6,16,2015,2015,'B','B4'),(150430116117,'THUMMAR JIGARKUMAR PRAVINBHAI',6,16,2015,2015,'B','B4'),(150430116118,'TIWARI ROHIT SHASHIKANT',6,16,2015,2015,'B','B4'),(150430116119,'TRIVEDI MEGHANA',6,16,2015,2015,'B','B4'),(150430116120,'VADHEL PARTH PRADIPBHAI',6,16,2015,2015,'B','B4'),(150430116121,'VADHER MAULIKKUMAR UKABHAI',6,16,2015,2015,'B','B4'),(150430116122,'VAGHANI HARDIK RAMESHBHAI',6,16,2015,2015,'B','B4'),(150430116123,'VAGHELA NITABEN PREMJIBHAI',6,16,2015,2015,'B','B4'),(150430116124,'VIRADIYA MEET ASHVINBHAI',6,16,2015,2015,'B','B4'),(150430116125,'VIRADIYA MILAN HIMMATBHAI',6,16,2015,2015,'B','B4'),(150430116126,'YADAV BHAVIKKUMAR JAYESHBHAI',6,16,2015,2015,'B','B4');
/*!40000 ALTER TABLE `student` ENABLE KEYS */;
UNLOCK TABLES;

--
-- Table structure for table `sub_fac_allocation`
--

DROP TABLE IF EXISTS `sub_fac_allocation`;
/*!40101 SET @saved_cs_client     = @@character_set_client */;
/*!40101 SET character_set_client = utf8 */;
CREATE TABLE `sub_fac_allocation` (
  `id` int(11) NOT NULL AUTO_INCREMENT,
  `subject_code` int(11) NOT NULL,
  `faculty_id` int(11) NOT NULL,
  `semester` int(10) DEFAULT NULL,
  `dept_id` int(10) DEFAULT NULL,
  `lecture_type` varchar(20) DEFAULT NULL,
  `type` varchar(2) DEFAULT NULL,
  `total_hours` varchar(11) DEFAULT NULL,
  `expected_total_lecture` int(11) DEFAULT NULL,
  PRIMARY KEY (`id`),
  KEY `faculty_id` (`faculty_id`),
  KEY `subject_id` (`subject_code`)
) ENGINE=InnoDB AUTO_INCREMENT=5 DEFAULT CHARSET=latin1;
/*!40101 SET character_set_client = @saved_cs_client */;

--
-- Dumping data for table `sub_fac_allocation`
--

LOCK TABLES `sub_fac_allocation` WRITE;
/*!40000 ALTER TABLE `sub_fac_allocation` DISABLE KEYS */;
INSERT INTO `sub_fac_allocation` VALUES (1,2160001,9,6,16,'theory','A',NULL,NULL),(2,2160001,9,6,16,'practical','B3',NULL,NULL),(3,2160001,9,6,16,'practical','B6',NULL,NULL),(4,2160708,9,6,16,'theory','B',NULL,NULL);
/*!40000 ALTER TABLE `sub_fac_allocation` ENABLE KEYS */;
UNLOCK TABLES;

--
-- Table structure for table `subject`
--

DROP TABLE IF EXISTS `subject`;
/*!40101 SET @saved_cs_client     = @@character_set_client */;
/*!40101 SET character_set_client = utf8 */;
CREATE TABLE `subject` (
  `subject_code` int(20) NOT NULL,
  `subject_name` varchar(200) NOT NULL,
  `short_name` varchar(100) NOT NULL,
  `semester` int(10) NOT NULL,
  `dept_id` int(10) NOT NULL,
  PRIMARY KEY (`subject_code`),
  KEY `dept_id` (`dept_id`)
) ENGINE=InnoDB DEFAULT CHARSET=latin1;
/*!40101 SET character_set_client = @saved_cs_client */;

--
-- Dumping data for table `subject`
--

LOCK TABLES `subject` WRITE;
/*!40000 ALTER TABLE `subject` DISABLE KEYS */;
INSERT INTO `subject` VALUES (2110002,'Communication Skills','CS',1,16),(2110003,'Computer Programming and Utilization','CPU',1,16),(2110005,'Elements of Electrical Engineering','EEE',1,16),(2110006,'Elements of Mechanical Engineering','EME',2,16),(2110007,'Environmental Studies','ES',1,16),(2110011,'Physics','Physics',2,16),(2110013,'Engineering Graphics','EG',1,16),(2110014,'Calculus','Maths - I',1,16),(2110015,'Vector Calculus and Linear Algebra','Maths - II',2,16),(2110016,'Basic Electronics','BE',2,16),(2110017,'Electrical and Electronics Workshop','EEW',2,16),(2130002,'Advanced Engineering Mathematics','Maths - III',3,16),(2130004,'Engineering Economics and Management','EEM',3,16),(2130005,'Design Engineering - I A','DE - I A',3,16),(2130702,'Data Structure','DS',3,16),(2130703,'Database Management Systems','DBMS',3,16),(2131004,'Digital Electronics','DE',3,16),(2140002,'Design Engineering - I B','DE - I B',4,16),(2140702,'Operating System','OS',4,16),(2140705,'Object Oriented Programming With C++','OOPC',4,16),(2140706,'Numerical and Statistical Methods for Computer Engineering','Maths - IV',4,16),(2140707,'Computer Organization','CO',4,16),(2140709,'Computer Networks','CN',4,16),(2150001,'Design Engineering - II A','DE - II A',5,16),(2150002,'Institute Elective - Cyber Security','CS',5,16),(2150703,'Analysis and Design of Algorithms','ADA',5,16),(2150704,'Object Oriented Programming using JAVA','OOPJ',5,16),(2150708,'System Programming','SP',5,16),(2151603,'Computer Graphics','CG',5,16),(2160001,'Design Engineering - II B','DE - II B',6,16),(2160701,'Software Engineering','SE',6,16),(2160707,'Advanced Java','AJAVA',6,16),(2160708,'Web Technology','WT',6,16),(2160711,'Net Technology','.NET',6,16),(2161603,'Data Compression and Data Retrieval','DCDR',6,16),(2170001,'Project','Project',7,16),(2170709,'Information and Network Security','INS',7,16),(2170710,'Mobile Computing and Wireless Communication','MCWC',7,16),(2170715,'Data Mining and Business Intelligence','DMBI',7,16),(2171607,'Big Data Analytics','BDA',7,16),(2180703,'Artificial Intelligence','AI',8,16),(2180711,'Python Programming','PP',8,16),(2181606,'Project (Phase-II)','Project',8,16),(2990001,'Contributors Personality Development','CPD',2,16);
/*!40000 ALTER TABLE `subject` ENABLE KEYS */;
UNLOCK TABLES;

--
-- Dumping events for database 'college'
--

--
-- Dumping routines for database 'college'
--
/*!40103 SET TIME_ZONE=@OLD_TIME_ZONE */;

/*!40101 SET SQL_MODE=@OLD_SQL_MODE */;
/*!40014 SET FOREIGN_KEY_CHECKS=@OLD_FOREIGN_KEY_CHECKS */;
/*!40014 SET UNIQUE_CHECKS=@OLD_UNIQUE_CHECKS */;
/*!40101 SET CHARACTER_SET_CLIENT=@OLD_CHARACTER_SET_CLIENT */;
/*!40101 SET CHARACTER_SET_RESULTS=@OLD_CHARACTER_SET_RESULTS */;
/*!40101 SET COLLATION_CONNECTION=@OLD_COLLATION_CONNECTION */;
/*!40111 SET SQL_NOTES=@OLD_SQL_NOTES */;

-- Dump completed on 2018-06-24 11:47:05
